ST70	ST47	83
ST70	ST122	32
ST70	ST106	27
ST70	ST30	26
ST70	ST59	24
ST70	ST175	23
ST70	ST174	22
ST70	ST68	19
ST70	ST94	17
ST70	ST123	10
ST70	ST37	9
ST70	ST39	8
ST70	ST146	8
ST70	ST111	7
ST70	ST164	5
ST70	ST89	5
ST70	ST88	4
ST70	ST38	4
ST70	ST73	3
ST70	ST31	2
ST70	ST65	2
ST70	ST178	1
ST70	ST181	1
ST70	ST124	1
ST70	ST158	1
ST70	ST58	1
ST70	ST127	1
ST70	ST171	1
ST70	ST142	1
ST70	ST121	1
ST38	ST30	80
ST38	ST146	22
ST38	ST37	22
ST38	ST39	20
ST38	ST89	19
ST38	ST47	16
ST38	ST111	14
ST38	ST88	10
ST38	ST94	8
ST38	ST174	5
ST38	ST106	5
ST38	ST164	4
ST38	ST82	4
ST38	ST124	4
ST38	ST123	3
ST38	ST69	3
ST38	ST31	3
ST38	ST175	3
ST38	ST68	3
ST38	ST70	3
ST38	ST44	2
ST38	ST171	2
ST38	ST91	2
ST38	ST121	2
ST38	ST122	2
ST38	ST163	2
ST38	ST59	2
ST38	ST125	2
ST38	ST95	2
ST38	ST177	2
ST38	ST73	1
ST38	ST81	1
ST38	ST167	1
ST38	ST184	1
ST38	ST48	1
ST38	ST93	1
ST38	ST53	1
ST38	ST58	1
ST38	ST85	1
ST38	ST57	1
ST38	ST178	1
ST38	ST10	1
ST38	ST87	1
ST28	ST147	235
ST28	ST40	53
ST28	ST24	24
ST28	ST183	20
ST28	ST35	9
ST28	ST32	6
ST28	ST166	5
ST28	ST1	4
ST28	ST6	3
ST28	ST103	3
ST28	ST135	2
ST28	ST161	2
ST28	ST13	2
ST28	ST19	2
ST28	ST96	2
ST28	ST133	2
ST28	ST131	2
ST28	ST108	2
ST28	ST36	2
ST28	ST46	1
ST28	ST60	1
ST28	ST64	1
ST28	ST115	1
ST28	ST21	1
ST28	ST50	1
ST28	ST18	1
ST28	ST179	1
ST28	ST25	1
ST28	ST75	1
ST28	ST51	1
ST28	ST20	1
ST28	ST113	1
ST28	ST160	1
ST28	ST148	1
ST108	ST19	69
ST108	ST133	19
ST108	ST24	16
ST108	ST32	15
ST108	ST155	15
ST108	ST131	14
ST108	ST1	14
ST108	ST107	13
ST108	ST60	13
ST108	ST99	12
ST108	ST127	8
ST108	ST130	7
ST108	ST62	6
ST108	ST132	6
ST108	ST20	5
ST108	ST21	5
ST108	ST46	5
ST108	ST10	4
ST108	ST98	4
ST108	ST109	4
ST108	ST147	4
ST108	ST74	4
ST108	ST40	3
ST108	ST6	3
ST108	ST115	3
ST108	ST11	3
ST108	ST63	3
ST108	ST8	3
ST108	ST25	3
ST108	ST72	3
ST108	ST61	2
ST108	ST9	2
ST108	ST29	2
ST108	ST35	2
ST108	ST52	2
ST108	ST96	1
ST108	ST48	1
ST108	ST156	1
ST108	ST5	1
ST108	ST51	1
ST108	ST4	1
ST108	ST76	1
ST108	ST64	1
ST108	ST134	1
ST108	ST116	1
ST108	ST183	1
ST108	ST166	1
ST108	ST50	1
ST108	ST91	1
ST108	ST78	1
ST108	ST71	1
ST131	ST19	39
ST131	ST50	32
ST131	ST99	14
ST131	ST32	13
ST131	ST60	12
ST131	ST133	11
ST131	ST62	10
ST131	ST108	9
ST131	ST61	8
ST131	ST1	7
ST131	ST24	7
ST131	ST132	6
ST131	ST11	4
ST131	ST130	4
ST131	ST4	4
ST131	ST51	4
ST131	ST10	4
ST131	ST42	4
ST131	ST115	3
ST131	ST6	3
ST131	ST46	3
ST131	ST20	3
ST131	ST98	3
ST131	ST107	3
ST131	ST21	2
ST131	ST134	2
ST131	ST29	2
ST131	ST35	2
ST131	ST74	2
ST131	ST23	2
ST131	ST52	2
ST131	ST25	2
ST131	ST41	2
ST131	ST40	2
ST131	ST100	2
ST131	ST13	1
ST131	ST18	1
ST131	ST166	1
ST131	ST183	1
ST131	ST109	1
ST131	ST17	1
ST131	ST161	1
ST131	ST105	1
ST131	ST8	1
ST131	ST118	1
ST131	ST156	1
ST131	ST27	1
ST131	ST85	1
ST131	ST148	1
ST113	ST21	134
ST113	ST116	40
ST113	ST72	35
ST113	ST42	30
ST113	ST107	25
ST113	ST154	17
ST113	ST19	14
ST113	ST41	9
ST113	ST32	9
ST113	ST156	8
ST113	ST133	8
ST113	ST131	8
ST113	ST60	5
ST113	ST130	3
ST113	ST108	3
ST113	ST99	3
ST113	ST23	3
ST113	ST40	2
ST113	ST24	2
ST113	ST134	2
ST113	ST153	2
ST113	ST96	1
ST113	ST159	1
ST113	ST5	1
ST113	ST98	1
ST113	ST9	1
ST113	ST50	1
ST113	ST11	1
ST113	ST13	1
ST113	ST6	1
ST113	ST1	1
ST113	ST105	1
ST113	ST109	1
ST113	ST62	1
ST113	ST25	1
ST113	ST14	1
ST41	ST21	133
ST41	ST156	73
ST41	ST116	44
ST41	ST42	39
ST41	ST113	36
ST41	ST72	31
ST41	ST107	23
ST41	ST154	15
ST41	ST153	6
ST41	ST99	4
ST41	ST19	4
ST41	ST60	3
ST41	ST32	3
ST41	ST4	3
ST41	ST131	3
ST41	ST24	2
ST41	ST1	2
ST41	ST108	2
ST41	ST133	2
ST41	ST29	1
ST41	ST109	1
ST41	ST62	1
ST41	ST11	1
ST41	ST183	1
ST41	ST134	1
ST41	ST25	1
ST41	ST118	1
ST41	ST132	1
ST41	ST74	1
ST41	ST23	1
ST41	ST35	1
ST41	ST3	1
ST41	ST177	1
ST41	ST130	1
ST41	ST40	1
ST41	ST98	1
ST39	ST30	84
ST39	ST89	26
ST39	ST38	20
ST39	ST111	19
ST39	ST146	19
ST39	ST37	17
ST39	ST47	17
ST39	ST88	8
ST39	ST142	8
ST39	ST70	7
ST39	ST31	7
ST39	ST175	6
ST39	ST53	6
ST39	ST68	5
ST39	ST122	4
ST39	ST82	4
ST39	ST59	4
ST39	ST174	3
ST39	ST44	3
ST39	ST94	3
ST39	ST48	2
ST39	ST159	2
ST39	ST57	2
ST39	ST106	2
ST39	ST69	2
ST39	ST164	2
ST39	ST123	2
ST39	ST80	2
ST39	ST125	2
ST39	ST177	1
ST39	ST93	1
ST39	ST15	1
ST39	ST178	1
ST39	ST81	1
ST39	ST180	1
ST39	ST157	1
ST39	ST91	1
ST39	ST95	1
ST39	ST181	1
ST39	ST173	1
ST144	ST43	36
ST144	ST20	19
ST144	ST138	18
ST144	ST136	17
ST144	ST145	14
ST144	ST79	13
ST144	ST54	12
ST144	ST117	11
ST144	ST119	11
ST144	ST152	11
ST144	ST140	10
ST144	ST77	10
ST144	ST29	10
ST144	ST33	8
ST144	ST5	8
ST144	ST151	8
ST144	ST149	8
ST144	ST100	7
ST144	ST139	7
ST144	ST133	7
ST144	ST120	7
ST144	ST101	6
ST144	ST168	5
ST144	ST98	5
ST144	ST102	5
ST144	ST8	4
ST144	ST150	3
ST144	ST14	2
ST144	ST176	1
ST144	ST55	1
ST144	ST131	1
ST144	ST62	1
ST144	ST21	1
ST144	ST114	1
ST22	ST23	111
ST22	ST10	93
ST22	ST1	22
ST22	ST4	7
ST22	ST129	6
ST22	ST6	5
ST22	ST25	5
ST22	ST51	4
ST22	ST52	4
ST22	ST27	3
ST22	ST133	3
ST22	ST12	3
ST22	ST109	3
ST22	ST46	3
ST22	ST24	3
ST22	ST50	3
ST22	ST18	3
ST22	ST74	3
ST22	ST9	2
ST22	ST7	2
ST22	ST114	2
ST22	ST32	2
ST22	ST99	2
ST22	ST155	2
ST22	ST5	1
ST22	ST55	1
ST22	ST20	1
ST22	ST15	1
ST22	ST61	1
ST22	ST67	1
ST22	ST131	1
ST22	ST113	1
ST22	ST107	1
ST22	ST108	1
ST22	ST154	1
ST22	ST110	1
ST22	ST17	1
ST22	ST60	1
ST22	ST21	1
ST22	ST115	1
ST22	ST63	1
ST22	ST11	1
ST22	ST66	1
ST22	ST2	1
ST22	ST19	1
ST34	ST14	72
ST34	ST84	34
ST34	ST5	31
ST34	ST3	25
ST34	ST17	22
ST34	ST55	21
ST34	ST20	21
ST34	ST114	21
ST34	ST16	11
ST34	ST129	9
ST34	ST8	8
ST34	ST15	7
ST34	ST133	5
ST34	ST184	5
ST34	ST100	4
ST34	ST12	4
ST34	ST92	4
ST34	ST1	4
ST34	ST176	3
ST34	ST179	3
ST34	ST43	3
ST34	ST7	3
ST34	ST171	3
ST34	ST11	3
ST34	ST6	3
ST34	ST108	2
ST34	ST178	2
ST34	ST10	2
ST34	ST18	2
ST34	ST145	1
ST34	ST40	1
ST34	ST139	1
ST34	ST117	1
ST34	ST144	1
ST34	ST33	1
ST34	ST4	1
ST34	ST77	1
ST34	ST177	1
ST34	ST61	1
ST34	ST25	1
ST34	ST75	1
ST34	ST132	1
ST34	ST19	1
ST34	ST74	1
ST34	ST71	1
ST34	ST29	1
ST34	ST46	1
ST34	ST136	1
ST34	ST109	1
ST34	ST167	1
ST34	ST102	1
ST34	ST66	1
ST51	ST32	30
ST51	ST1	28
ST51	ST109	13
ST51	ST25	12
ST51	ST50	10
ST51	ST52	10
ST51	ST74	10
ST51	ST23	10
ST51	ST4	9
ST51	ST11	8
ST51	ST18	8
ST51	ST132	8
ST51	ST14	8
ST51	ST10	7
ST51	ST108	6
ST51	ST12	6
ST51	ST6	6
ST51	ST115	6
ST51	ST130	5
ST51	ST46	4
ST51	ST61	3
ST51	ST76	3
ST51	ST34	3
ST51	ST9	3
ST51	ST66	3
ST51	ST63	3
ST51	ST17	3
ST51	ST67	2
ST51	ST55	2
ST51	ST22	2
ST51	ST13	2
ST51	ST134	2
ST51	ST21	2
ST51	ST114	2
ST51	ST105	2
ST51	ST60	2
ST51	ST84	2
ST51	ST20	1
ST51	ST15	1
ST51	ST140	1
ST51	ST45	1
ST51	ST27	1
ST51	ST85	1
ST51	ST178	1
ST51	ST40	1
ST51	ST133	1
ST51	ST99	1
ST51	ST24	1
ST51	ST110	1
ST51	ST62	1
ST51	ST147	1
ST51	ST19	1
ST51	ST16	1
ST68	ST47	67
ST68	ST106	25
ST68	ST69	24
ST68	ST70	23
ST68	ST122	21
ST68	ST30	21
ST68	ST175	20
ST68	ST73	19
ST68	ST94	17
ST68	ST174	17
ST68	ST59	14
ST68	ST38	11
ST68	ST164	9
ST68	ST37	8
ST68	ST89	8
ST68	ST39	7
ST68	ST123	7
ST68	ST111	5
ST68	ST88	3
ST68	ST31	3
ST68	ST121	2
ST68	ST93	1
ST68	ST15	1
ST68	ST112	1
ST68	ST163	1
ST68	ST173	1
ST68	ST97	1
ST68	ST124	1
ST68	ST146	1
ST27	ST6	121
ST27	ST24	25
ST27	ST13	21
ST27	ST1	16
ST27	ST23	9
ST27	ST110	8
ST27	ST18	7
ST27	ST74	6
ST27	ST51	5
ST27	ST4	5
ST27	ST19	5
ST27	ST40	4
ST27	ST12	4
ST27	ST109	4
ST27	ST50	4
ST27	ST115	4
ST27	ST25	4
ST27	ST9	3
ST27	ST76	3
ST27	ST46	3
ST27	ST183	3
ST27	ST11	3
ST27	ST99	3
ST27	ST52	3
ST27	ST15	2
ST27	ST178	2
ST27	ST36	2
ST27	ST10	2
ST27	ST147	2
ST27	ST64	2
ST27	ST21	2
ST27	ST49	1
ST27	ST108	1
ST27	ST143	1
ST27	ST131	1
ST27	ST154	1
ST27	ST22	1
ST27	ST161	1
ST27	ST105	1
ST27	ST60	1
ST27	ST62	1
ST27	ST166	1
ST27	ST63	1
ST27	ST32	1
ST27	ST14	1
ST27	ST155	1
ST27	ST132	1
ST45	ST91	27
ST45	ST81	20
ST45	ST49	7
ST45	ST155	6
ST45	ST31	6
ST45	ST80	5
ST45	ST124	4
ST45	ST53	3
ST45	ST93	3
ST45	ST184	2
ST45	ST85	2
ST45	ST141	2
ST45	ST15	2
ST45	ST58	2
ST45	ST48	2
ST45	ST163	1
ST45	ST65	1
ST45	ST73	1
ST45	ST82	1
ST45	ST127	1
ST45	ST175	1
ST45	ST178	1
ST55	ST14	79
ST55	ST3	30
ST55	ST5	29
ST55	ST84	29
ST55	ST34	24
ST55	ST114	22
ST55	ST20	20
ST55	ST17	17
ST55	ST16	10
ST55	ST129	9
ST55	ST12	7
ST55	ST92	7
ST55	ST8	5
ST55	ST179	5
ST55	ST29	4
ST55	ST18	4
ST55	ST133	3
ST55	ST140	3
ST55	ST168	3
ST55	ST100	2
ST55	ST36	2
ST55	ST76	2
ST55	ST176	2
ST55	ST4	2
ST55	ST51	2
ST55	ST43	2
ST55	ST109	2
ST55	ST7	2
ST55	ST46	2
ST55	ST1	2
ST55	ST115	2
ST55	ST6	2
ST55	ST11	2
ST55	ST50	2
ST55	ST139	1
ST55	ST54	1
ST55	ST145	1
ST55	ST117	1
ST55	ST128	1
ST55	ST23	1
ST55	ST74	1
ST55	ST52	1
ST55	ST19	1
ST55	ST71	1
ST55	ST21	1
ST55	ST64	1
ST55	ST63	1
ST55	ST24	1
ST156	ST41	79
ST156	ST21	44
ST156	ST19	41
ST156	ST155	26
ST156	ST42	19
ST156	ST107	17
ST156	ST133	15
ST156	ST99	13
ST156	ST177	13
ST156	ST32	12
ST156	ST113	12
ST156	ST60	11
ST156	ST48	11
ST156	ST131	11
ST156	ST108	10
ST156	ST1	9
ST156	ST72	9
ST156	ST130	8
ST156	ST116	7
ST156	ST24	7
ST156	ST15	7
ST156	ST98	6
ST156	ST109	4
ST156	ST132	4
ST156	ST154	4
ST156	ST178	4
ST156	ST62	3
ST156	ST115	3
ST156	ST6	3
ST156	ST50	3
ST156	ST171	3
ST156	ST23	3
ST156	ST40	3
ST156	ST46	2
ST156	ST63	2
ST156	ST11	2
ST156	ST158	2
ST156	ST25	2
ST156	ST4	2
ST156	ST51	2
ST156	ST20	2
ST156	ST147	1
ST156	ST29	1
ST156	ST153	1
ST156	ST134	1
ST156	ST91	1
ST156	ST18	1
ST156	ST183	1
ST156	ST166	1
ST156	ST8	1
ST156	ST14	1
ST156	ST31	1
ST156	ST35	1
ST156	ST173	1
ST156	ST52	1
ST156	ST96	1
ST156	ST58	1
ST156	ST93	1
ST156	ST12	1
ST48	ST60	33
ST48	ST31	24
ST48	ST15	14
ST48	ST127	13
ST48	ST53	12
ST48	ST57	10
ST48	ST163	10
ST48	ST124	10
ST48	ST56	8
ST48	ST85	7
ST48	ST73	7
ST48	ST111	6
ST48	ST171	6
ST48	ST184	6
ST48	ST58	5
ST48	ST167	5
ST48	ST65	5
ST48	ST91	5
ST48	ST158	5
ST48	ST173	5
ST48	ST125	5
ST48	ST177	4
ST48	ST156	4
ST48	ST93	4
ST48	ST106	4
ST48	ST81	4
ST48	ST19	4
ST48	ST49	3
ST48	ST178	3
ST48	ST180	3
ST48	ST44	3
ST48	ST182	3
ST48	ST82	3
ST48	ST96	2
ST48	ST159	2
ST48	ST24	2
ST48	ST132	2
ST48	ST137	1
ST48	ST162	1
ST48	ST126	1
ST48	ST133	1
ST48	ST131	1
ST48	ST87	1
ST48	ST90	1
ST48	ST112	1
ST48	ST104	1
ST48	ST142	1
ST48	ST174	1
ST48	ST32	1
ST48	ST13	1
ST48	ST157	1
ST48	ST99	1
ST48	ST155	1
ST48	ST170	1
ST48	ST80	1
ST127	ST48	57
ST127	ST45	52
ST127	ST104	19
ST127	ST157	19
ST127	ST78	18
ST127	ST182	17
ST127	ST137	16
ST127	ST95	15
ST127	ST81	15
ST127	ST126	15
ST127	ST162	15
ST127	ST158	9
ST127	ST91	8
ST127	ST80	6
ST127	ST49	6
ST127	ST172	5
ST127	ST108	5
ST127	ST155	4
ST127	ST169	3
ST127	ST163	3
ST127	ST90	3
ST127	ST44	2
ST127	ST111	2
ST127	ST156	2
ST127	ST141	2
ST127	ST15	2
ST127	ST31	1
ST127	ST184	1
ST127	ST89	1
ST127	ST60	1
ST127	ST180	1
ST127	ST171	1
ST127	ST65	1
ST127	ST85	1
ST127	ST53	1
ST127	ST93	1
ST53	ST31	32
ST53	ST184	16
ST53	ST15	15
ST53	ST91	15
ST53	ST85	14
ST53	ST124	14
ST53	ST44	13
ST53	ST57	12
ST53	ST65	12
ST53	ST125	12
ST53	ST56	11
ST53	ST93	10
ST53	ST48	9
ST53	ST163	8
ST53	ST82	8
ST53	ST171	7
ST53	ST73	7
ST53	ST49	6
ST53	ST159	6
ST53	ST178	6
ST53	ST81	6
ST53	ST180	6
ST53	ST181	6
ST53	ST141	5
ST53	ST167	5
ST53	ST173	5
ST53	ST58	4
ST53	ST112	4
ST53	ST80	4
ST53	ST177	3
ST53	ST45	3
ST53	ST157	3
ST53	ST78	3
ST53	ST97	3
ST53	ST86	2
ST53	ST60	2
ST53	ST170	2
ST53	ST95	2
ST53	ST158	2
ST53	ST146	2
ST53	ST155	2
ST53	ST127	1
ST53	ST126	1
ST53	ST61	1
ST53	ST37	1
ST53	ST162	1
ST53	ST4	1
ST53	ST137	1
ST53	ST111	1
ST53	ST34	1
ST53	ST12	1
ST53	ST87	1
ST53	ST11	1
ST53	ST99	1
ST53	ST30	1
ST53	ST23	1
ST61	ST50	109
ST61	ST62	48
ST61	ST1	26
ST61	ST131	19
ST61	ST52	10
ST61	ST6	9
ST61	ST23	9
ST61	ST18	7
ST61	ST74	7
ST61	ST51	7
ST61	ST115	6
ST61	ST11	5
ST61	ST10	5
ST61	ST46	4
ST61	ST109	4
ST61	ST25	4
ST61	ST4	4
ST61	ST5	3
ST61	ST63	2
ST61	ST27	2
ST61	ST9	2
ST61	ST12	2
ST61	ST76	2
ST61	ST105	1
ST61	ST136	1
ST61	ST66	1
ST61	ST99	1
ST61	ST13	1
ST61	ST32	1
ST61	ST64	1
ST61	ST114	1
ST61	ST155	1
ST61	ST19	1
ST61	ST130	1
ST61	ST67	1
ST61	ST156	1
ST61	ST15	1
ST61	ST20	1
ST61	ST100	1
ST61	ST133	1
ST61	ST98	1
ST61	ST154	1
ST61	ST34	1
ST165	ST168	293
ST165	ST176	65
ST165	ST117	45
ST165	ST43	11
ST165	ST139	5
ST165	ST136	4
ST165	ST140	4
ST165	ST149	3
ST165	ST138	3
ST165	ST152	3
ST165	ST77	3
ST165	ST54	3
ST165	ST100	3
ST165	ST120	2
ST165	ST119	2
ST165	ST33	2
ST165	ST144	2
ST165	ST145	2
ST165	ST102	1
ST165	ST129	1
ST165	ST46	1
ST165	ST151	1
ST165	ST79	1
ST165	ST5	1
ST165	ST150	1
ST165	ST34	1
ST158	ST48	108
ST158	ST82	64
ST158	ST181	25
ST158	ST127	16
ST158	ST170	16
ST158	ST60	11
ST158	ST163	5
ST158	ST31	5
ST158	ST85	4
ST158	ST93	4
ST158	ST15	4
ST158	ST124	4
ST158	ST53	3
ST158	ST58	3
ST158	ST57	3
ST158	ST111	3
ST158	ST81	3
ST158	ST44	3
ST158	ST91	3
ST158	ST56	3
ST158	ST65	3
ST158	ST131	2
ST158	ST178	2
ST158	ST73	2
ST158	ST125	2
ST158	ST184	2
ST158	ST177	1
ST158	ST49	1
ST158	ST87	1
ST158	ST106	1
ST158	ST112	1
ST158	ST180	1
ST158	ST1	1
ST158	ST19	1
ST158	ST47	1
ST158	ST173	1
ST25	ST1	39
ST25	ST18	19
ST25	ST23	19
ST25	ST11	18
ST25	ST74	14
ST25	ST51	14
ST25	ST4	14
ST25	ST10	14
ST25	ST109	13
ST25	ST19	13
ST25	ST52	13
ST25	ST46	12
ST25	ST50	12
ST25	ST115	9
ST25	ST76	8
ST25	ST60	7
ST25	ST61	7
ST25	ST6	6
ST25	ST63	6
ST25	ST27	6
ST25	ST12	6
ST25	ST17	5
ST25	ST13	5
ST25	ST67	5
ST25	ST131	4
ST25	ST9	4
ST25	ST22	4
ST25	ST32	3
ST25	ST99	3
ST25	ST14	3
ST25	ST84	3
ST25	ST55	3
ST25	ST40	3
ST25	ST21	2
ST25	ST114	2
ST25	ST155	2
ST25	ST8	2
ST25	ST132	2
ST25	ST5	2
ST25	ST162	2
ST25	ST34	2
ST25	ST154	2
ST25	ST110	1
ST25	ST105	1
ST25	ST129	1
ST25	ST64	1
ST25	ST24	1
ST25	ST43	1
ST25	ST158	1
ST25	ST31	1
ST25	ST16	1
ST25	ST35	1
ST25	ST3	1
ST25	ST130	1
ST25	ST20	1
ST25	ST133	1
ST25	ST108	1
ST25	ST36	1
ST25	ST178	1
ST25	ST148	1
ST146	ST30	78
ST146	ST89	30
ST146	ST38	26
ST146	ST111	23
ST146	ST37	23
ST146	ST39	21
ST146	ST47	20
ST146	ST180	20
ST146	ST174	11
ST146	ST88	11
ST146	ST142	10
ST146	ST182	9
ST146	ST31	7
ST146	ST69	6
ST146	ST70	6
ST146	ST175	6
ST146	ST59	5
ST146	ST68	5
ST146	ST164	4
ST146	ST94	4
ST146	ST53	4
ST146	ST122	3
ST146	ST123	3
ST146	ST93	3
ST146	ST124	2
ST146	ST184	2
ST146	ST125	2
ST146	ST81	2
ST146	ST163	2
ST146	ST106	2
ST146	ST181	1
ST146	ST82	1
ST146	ST173	1
ST146	ST129	1
ST146	ST73	1
ST146	ST44	1
ST146	ST56	1
ST146	ST171	1
ST146	ST91	1
ST146	ST87	1
ST146	ST57	1
ST146	ST58	1
ST146	ST159	1
ST146	ST15	1
ST181	ST82	137
ST181	ST170	36
ST181	ST158	29
ST181	ST104	24
ST181	ST31	12
ST181	ST58	10
ST181	ST65	9
ST181	ST163	9
ST181	ST44	8
ST181	ST48	8
ST181	ST184	7
ST181	ST56	6
ST181	ST73	6
ST181	ST57	5
ST181	ST124	4
ST181	ST171	4
ST181	ST81	4
ST181	ST180	4
ST181	ST87	4
ST181	ST85	4
ST181	ST45	4
ST181	ST91	3
ST181	ST53	3
ST181	ST93	3
ST181	ST15	3
ST181	ST125	2
ST181	ST80	2
ST181	ST167	2
ST181	ST141	2
ST181	ST173	1
ST181	ST157	1
ST181	ST89	1
ST181	ST169	1
ST181	ST112	1
ST181	ST49	1
ST181	ST159	1
ST181	ST4	1
ST181	ST137	1
ST181	ST177	1
ST155	ST91	95
ST155	ST108	46
ST155	ST1	21
ST155	ST171	20
ST155	ST45	16
ST155	ST156	13
ST155	ST109	10
ST155	ST74	10
ST155	ST23	9
ST155	ST11	9
ST155	ST10	8
ST155	ST46	8
ST155	ST78	8
ST155	ST126	8
ST155	ST4	8
ST155	ST115	8
ST155	ST31	7
ST155	ST51	6
ST155	ST25	6
ST155	ST50	6
ST155	ST67	5
ST155	ST107	5
ST155	ST96	4
ST155	ST22	4
ST155	ST18	4
ST155	ST56	4
ST155	ST6	4
ST155	ST53	3
ST155	ST27	3
ST155	ST85	3
ST155	ST24	3
ST155	ST52	3
ST155	ST9	3
ST155	ST63	3
ST155	ST104	3
ST155	ST95	3
ST155	ST48	2
ST155	ST61	2
ST155	ST13	2
ST155	ST181	2
ST155	ST93	2
ST155	ST137	2
ST155	ST44	2
ST155	ST81	2
ST155	ST184	2
ST155	ST127	1
ST155	ST15	1
ST155	ST98	1
ST155	ST113	1
ST155	ST133	1
ST155	ST131	1
ST155	ST169	1
ST155	ST110	1
ST155	ST172	1
ST155	ST142	1
ST155	ST125	1
ST155	ST162	1
ST155	ST58	1
ST155	ST177	1
ST155	ST76	1
ST155	ST40	1
ST155	ST12	1
ST155	ST99	1
ST155	ST157	1
ST155	ST32	1
ST155	ST73	1
ST155	ST105	1
ST155	ST163	1
ST155	ST119	1
ST155	ST30	1
ST155	ST82	1
ST155	ST16	1
ST155	ST182	1
ST155	ST124	1
ST59	ST47	75
ST59	ST30	35
ST59	ST70	29
ST59	ST175	27
ST59	ST122	27
ST59	ST106	26
ST59	ST68	22
ST59	ST94	20
ST59	ST174	19
ST59	ST37	14
ST59	ST123	11
ST59	ST164	11
ST59	ST111	8
ST59	ST39	7
ST59	ST38	6
ST59	ST89	5
ST59	ST146	4
ST59	ST88	3
ST59	ST58	2
ST59	ST82	2
ST59	ST85	2
ST59	ST69	2
ST59	ST162	1
ST59	ST93	1
ST59	ST73	1
ST59	ST121	1
ST59	ST31	1
ST59	ST53	1
ST59	ST91	1
ST59	ST142	1
ST59	ST181	1
ST59	ST158	1
ST125	ST31	31
ST125	ST15	23
ST125	ST184	19
ST125	ST91	18
ST125	ST48	17
ST125	ST57	17
ST125	ST56	16
ST125	ST85	16
ST125	ST58	16
ST125	ST44	14
ST125	ST93	14
ST125	ST73	13
ST125	ST124	13
ST125	ST163	10
ST125	ST82	10
ST125	ST171	9
ST125	ST65	9
ST125	ST173	8
ST125	ST181	6
ST125	ST53	6
ST125	ST81	6
ST125	ST49	5
ST125	ST159	4
ST125	ST177	4
ST125	ST87	4
ST125	ST158	3
ST125	ST155	3
ST125	ST45	3
ST125	ST178	3
ST125	ST180	3
ST125	ST80	3
ST125	ST167	2
ST125	ST170	2
ST125	ST95	2
ST125	ST162	2
ST125	ST89	1
ST125	ST97	1
ST125	ST141	1
ST125	ST51	1
ST125	ST86	1
ST125	ST157	1
ST125	ST30	1
ST125	ST182	1
ST125	ST126	1
ST125	ST137	1
ST125	ST112	1
ST125	ST111	1
ST125	ST90	1
ST47	ST30	28
ST47	ST38	10
ST47	ST39	8
ST47	ST146	7
ST47	ST31	6
ST47	ST106	5
ST47	ST89	4
ST47	ST123	4
ST47	ST88	4
ST47	ST111	4
ST47	ST37	3
ST47	ST57	3
ST47	ST69	2
ST47	ST68	2
ST47	ST73	2
ST47	ST158	1
ST47	ST125	1
ST47	ST142	1
ST47	ST56	1
ST47	ST91	1
ST47	ST15	1
ST47	ST53	1
ST47	ST48	1
ST47	ST184	1
ST47	ST122	1
ST47	ST81	1
ST47	ST65	1
ST47	ST171	1
ST47	ST137	1
ST47	ST58	1
ST47	ST159	1
ST47	ST93	1
ST152	ST43	42
ST152	ST136	20
ST152	ST138	20
ST152	ST77	17
ST152	ST145	15
ST152	ST5	14
ST152	ST149	14
ST152	ST139	13
ST152	ST54	13
ST152	ST79	13
ST152	ST117	12
ST152	ST102	10
ST152	ST120	10
ST152	ST33	10
ST152	ST140	10
ST152	ST119	9
ST152	ST144	7
ST152	ST150	6
ST152	ST100	6
ST152	ST176	5
ST152	ST151	4
ST152	ST168	3
ST152	ST14	3
ST152	ST17	2
ST152	ST114	1
ST152	ST18	1
ST152	ST2	1
ST152	ST20	1
ST152	ST3	1
ST152	ST1	1
ST35	ST40	47
ST35	ST24	21
ST35	ST110	14
ST35	ST183	12
ST35	ST147	11
ST35	ST6	6
ST35	ST133	3
ST35	ST19	2
ST35	ST135	2
ST35	ST99	2
ST35	ST21	2
ST35	ST130	2
ST35	ST60	2
ST35	ST28	2
ST35	ST50	1
ST35	ST1	1
ST35	ST143	1
ST35	ST132	1
ST35	ST52	1
ST35	ST18	1
ST35	ST64	1
ST35	ST51	1
ST35	ST27	1
ST35	ST96	1
ST84	ST2	113
ST84	ST14	42
ST84	ST3	22
ST84	ST34	20
ST84	ST5	17
ST84	ST114	16
ST84	ST20	16
ST84	ST55	15
ST84	ST17	12
ST84	ST129	10
ST84	ST133	8
ST84	ST29	6
ST84	ST92	5
ST84	ST12	5
ST84	ST74	4
ST84	ST16	4
ST84	ST1	3
ST84	ST11	3
ST84	ST7	2
ST84	ST13	2
ST84	ST8	2
ST84	ST23	2
ST84	ST179	2
ST84	ST100	2
ST84	ST109	1
ST84	ST60	1
ST84	ST18	1
ST84	ST102	1
ST84	ST52	1
ST84	ST151	1
ST84	ST54	1
ST84	ST10	1
ST84	ST32	1
ST84	ST50	1
ST84	ST19	1
ST84	ST140	1
ST84	ST79	1
ST84	ST145	1
ST84	ST154	1
ST173	ST57	92
ST173	ST167	32
ST173	ST180	30
ST173	ST159	29
ST173	ST178	29
ST173	ST171	22
ST173	ST31	18
ST173	ST124	8
ST173	ST58	7
ST173	ST85	7
ST173	ST56	6
ST173	ST53	6
ST173	ST93	5
ST173	ST125	5
ST173	ST10	5
ST173	ST15	5
ST173	ST44	4
ST173	ST73	4
ST173	ST81	4
ST173	ST91	4
ST173	ST80	3
ST173	ST170	3
ST173	ST82	3
ST173	ST184	2
ST173	ST65	2
ST173	ST112	2
ST173	ST158	2
ST173	ST48	2
ST173	ST141	2
ST173	ST95	1
ST173	ST157	1
ST173	ST163	1
ST173	ST87	1
ST173	ST162	1
ST173	ST97	1
ST173	ST181	1
ST173	ST155	1
ST173	ST78	1
ST173	ST39	1
ST173	ST22	1
ST173	ST86	1
ST173	ST49	1
ST60	ST19	56
ST60	ST131	22
ST60	ST133	22
ST60	ST108	19
ST60	ST32	18
ST60	ST24	15
ST60	ST1	12
ST60	ST99	11
ST60	ST48	11
ST60	ST132	9
ST60	ST25	8
ST60	ST98	8
ST60	ST20	7
ST60	ST2	7
ST60	ST21	6
ST60	ST15	6
ST60	ST115	5
ST60	ST6	5
ST60	ST130	5
ST60	ST40	5
ST60	ST109	5
ST60	ST62	4
ST60	ST74	4
ST60	ST8	4
ST60	ST18	3
ST60	ST46	3
ST60	ST23	3
ST60	ST158	3
ST60	ST178	3
ST60	ST113	3
ST60	ST11	2
ST60	ST147	2
ST60	ST14	2
ST60	ST76	2
ST60	ST12	2
ST60	ST107	2
ST60	ST61	2
ST60	ST156	2
ST60	ST10	2
ST60	ST153	1
ST60	ST134	1
ST60	ST44	1
ST60	ST103	1
ST60	ST63	1
ST60	ST50	1
ST60	ST129	1
ST60	ST29	1
ST60	ST105	1
ST60	ST184	1
ST60	ST80	1
ST60	ST16	1
ST60	ST82	1
ST60	ST72	1
ST60	ST159	1
ST60	ST67	1
ST60	ST5	1
ST60	ST4	1
ST60	ST9	1
ST60	ST110	1
ST60	ST125	1
ST60	ST155	1
ST60	ST118	1
ST60	ST127	1
ST60	ST27	1
ST60	ST45	1
ST60	ST22	1
ST60	ST41	1
ST60	ST148	1
ST60	ST42	1
ST138	ST2	56
ST138	ST43	40
ST138	ST117	18
ST138	ST145	16
ST138	ST136	16
ST138	ST33	15
ST138	ST102	14
ST138	ST54	14
ST138	ST140	13
ST138	ST152	13
ST138	ST77	12
ST138	ST79	12
ST138	ST119	10
ST138	ST168	10
ST138	ST144	10
ST138	ST5	9
ST138	ST139	9
ST138	ST149	6
ST138	ST100	6
ST138	ST120	6
ST138	ST101	4
ST138	ST150	3
ST138	ST84	3
ST138	ST114	3
ST138	ST151	3
ST138	ST14	2
ST138	ST20	2
ST138	ST18	2
ST138	ST11	1
ST138	ST50	1
ST138	ST3	1
ST138	ST17	1
ST138	ST55	1
ST138	ST176	1
ST138	ST165	1
ST17	ST14	79
ST17	ST5	28
ST17	ST3	23
ST17	ST84	22
ST17	ST20	21
ST17	ST34	18
ST17	ST114	14
ST17	ST55	10
ST17	ST16	6
ST17	ST29	6
ST17	ST12	6
ST17	ST46	5
ST17	ST129	5
ST17	ST133	4
ST17	ST4	3
ST17	ST25	2
ST17	ST7	2
ST17	ST117	2
ST17	ST176	2
ST17	ST179	2
ST17	ST1	2
ST17	ST8	1
ST17	ST23	1
ST17	ST136	1
ST17	ST139	1
ST17	ST144	1
ST17	ST10	1
ST17	ST36	1
ST17	ST151	1
ST17	ST43	1
ST17	ST75	1
ST17	ST184	1
ST17	ST62	1
ST17	ST63	1
ST17	ST50	1
ST17	ST11	1
ST17	ST115	1
ST17	ST100	1
ST17	ST145	1
ST17	ST140	1
ST17	ST77	1
ST89	ST30	45
ST89	ST122	39
ST89	ST85	20
ST89	ST38	18
ST89	ST146	15
ST89	ST39	14
ST89	ST111	12
ST89	ST37	11
ST89	ST88	9
ST89	ST112	8
ST89	ST142	8
ST89	ST47	8
ST89	ST87	6
ST89	ST175	5
ST89	ST69	5
ST89	ST174	4
ST89	ST106	4
ST89	ST70	4
ST89	ST59	4
ST89	ST58	3
ST89	ST163	3
ST89	ST31	3
ST89	ST15	3
ST89	ST86	3
ST89	ST91	3
ST89	ST93	2
ST89	ST94	2
ST89	ST81	2
ST89	ST121	2
ST89	ST82	2
ST89	ST48	2
ST89	ST68	2
ST89	ST178	2
ST89	ST56	2
ST89	ST159	1
ST89	ST126	1
ST89	ST177	1
ST89	ST123	1
ST89	ST73	1
ST89	ST65	1
ST89	ST44	1
ST89	ST149	1
ST89	ST104	1
ST89	ST180	1
ST89	ST184	1
ST89	ST124	1
ST89	ST49	1
ST89	ST53	1
ST89	ST164	1
ST89	ST60	1
ST89	ST173	1
ST46	ST1	27
ST46	ST11	14
ST46	ST109	10
ST46	ST74	10
ST46	ST23	10
ST46	ST52	10
ST46	ST12	10
ST46	ST18	9
ST46	ST25	8
ST46	ST50	8
ST46	ST4	8
ST46	ST115	7
ST46	ST58	7
ST46	ST133	6
ST46	ST63	6
ST46	ST19	5
ST46	ST9	5
ST46	ST51	4
ST46	ST22	4
ST46	ST10	4
ST46	ST14	4
ST46	ST84	3
ST46	ST34	3
ST46	ST99	3
ST46	ST13	2
ST46	ST24	2
ST46	ST110	2
ST46	ST155	2
ST46	ST61	2
ST46	ST27	2
ST46	ST55	2
ST46	ST6	2
ST46	ST32	2
ST46	ST62	2
ST46	ST20	2
ST46	ST5	2
ST46	ST60	1
ST46	ST17	1
ST46	ST152	1
ST46	ST132	1
ST46	ST15	1
ST46	ST178	1
ST46	ST131	1
ST46	ST113	1
ST46	ST108	1
ST46	ST21	1
ST46	ST171	1
ST46	ST71	1
ST46	ST105	1
ST46	ST29	1
ST46	ST124	1
ST46	ST16	1
ST46	ST130	1
ST46	ST40	1
ST164	ST175	223
ST164	ST47	31
ST164	ST30	16
ST164	ST94	13
ST164	ST174	12
ST164	ST122	12
ST164	ST70	10
ST164	ST59	10
ST164	ST106	9
ST164	ST68	8
ST164	ST38	7
ST164	ST39	6
ST164	ST37	5
ST164	ST146	5
ST164	ST89	4
ST164	ST111	4
ST164	ST123	4
ST164	ST69	2
ST164	ST88	2
ST164	ST142	1
ST164	ST31	1
ST172	ST169	248
ST172	ST157	85
ST172	ST45	12
ST172	ST78	8
ST172	ST182	6
ST172	ST126	6
ST172	ST91	6
ST172	ST127	6
ST172	ST81	5
ST172	ST162	4
ST172	ST137	4
ST172	ST44	2
ST172	ST104	2
ST172	ST80	1
ST172	ST95	1
ST172	ST124	1
ST172	ST90	1
ST172	ST2	1
ST172	ST49	1
ST172	ST15	1
ST172	ST178	1
ST110	ST35	58
ST110	ST6	44
ST110	ST103	22
ST110	ST40	20
ST110	ST148	18
ST110	ST27	16
ST110	ST166	13
ST110	ST143	13
ST110	ST13	11
ST110	ST96	11
ST110	ST160	10
ST110	ST183	8
ST110	ST161	7
ST110	ST24	6
ST110	ST147	5
ST110	ST18	4
ST110	ST52	4
ST110	ST51	4
ST110	ST1	4
ST110	ST46	3
ST110	ST109	3
ST110	ST74	3
ST110	ST23	3
ST110	ST14	3
ST110	ST4	3
ST110	ST64	2
ST110	ST28	2
ST110	ST133	2
ST110	ST36	2
ST110	ST135	2
ST110	ST179	2
ST110	ST154	2
ST110	ST34	1
ST110	ST171	1
ST110	ST75	1
ST110	ST19	1
ST110	ST9	1
ST110	ST87	1
ST24	ST6	33
ST24	ST19	26
ST24	ST133	17
ST24	ST108	12
ST24	ST60	12
ST24	ST131	11
ST24	ST99	10
ST24	ST32	10
ST24	ST27	9
ST24	ST64	9
ST24	ST13	7
ST24	ST98	5
ST24	ST132	5
ST24	ST130	4
ST24	ST115	4
ST24	ST109	4
ST24	ST72	3
ST24	ST1	3
ST24	ST25	3
ST24	ST23	3
ST24	ST4	2
ST24	ST5	2
ST24	ST11	2
ST24	ST50	2
ST24	ST21	2
ST24	ST42	2
ST24	ST36	2
ST24	ST52	2
ST24	ST35	2
ST24	ST74	2
ST24	ST46	2
ST24	ST116	2
ST24	ST9	1
ST24	ST76	1
ST24	ST67	1
ST24	ST20	1
ST24	ST29	1
ST24	ST63	1
ST24	ST183	1
ST24	ST134	1
ST24	ST113	1
ST24	ST156	1
ST24	ST96	1
ST24	ST61	1
ST24	ST118	1
ST24	ST84	1
ST24	ST18	1
ST102	ST43	58
ST102	ST136	20
ST102	ST77	19
ST102	ST33	15
ST102	ST145	15
ST102	ST138	15
ST102	ST117	15
ST102	ST54	13
ST102	ST119	12
ST102	ST5	10
ST102	ST79	10
ST102	ST139	10
ST102	ST152	9
ST102	ST140	8
ST102	ST100	8
ST102	ST120	8
ST102	ST149	7
ST102	ST151	7
ST102	ST144	6
ST102	ST150	5
ST102	ST114	4
ST102	ST176	4
ST102	ST168	3
ST102	ST14	2
ST102	ST101	2
ST102	ST84	2
ST102	ST179	1
ST102	ST4	1
ST102	ST3	1
ST102	ST17	1
ST102	ST2	1
ST102	ST23	1
ST102	ST133	1
ST56	ST31	28
ST56	ST15	19
ST56	ST58	14
ST56	ST53	12
ST56	ST48	12
ST56	ST65	12
ST56	ST57	12
ST56	ST125	11
ST56	ST124	11
ST56	ST93	11
ST56	ST85	10
ST56	ST184	9
ST56	ST82	9
ST56	ST73	9
ST56	ST163	9
ST56	ST91	8
ST56	ST173	6
ST56	ST45	6
ST56	ST81	6
ST56	ST178	5
ST56	ST171	4
ST56	ST44	4
ST56	ST180	4
ST56	ST159	4
ST56	ST167	3
ST56	ST80	3
ST56	ST97	2
ST56	ST158	2
ST56	ST86	2
ST56	ST49	2
ST56	ST6	2
ST56	ST122	2
ST56	ST87	2
ST56	ST90	2
ST56	ST162	2
ST56	ST23	1
ST56	ST47	1
ST56	ST181	1
ST56	ST155	1
ST56	ST60	1
ST56	ST141	1
ST56	ST127	1
ST56	ST170	1
ST56	ST95	1
ST56	ST157	1
ST56	ST104	1
ST56	ST112	1
ST114	ST14	64
ST114	ST5	37
ST114	ST3	29
ST114	ST84	28
ST114	ST34	27
ST114	ST17	20
ST114	ST20	19
ST114	ST55	16
ST114	ST92	14
ST114	ST129	12
ST114	ST8	8
ST114	ST16	6
ST114	ST12	6
ST114	ST1	5
ST114	ST43	4
ST114	ST29	4
ST114	ST7	3
ST114	ST133	3
ST114	ST11	3
ST114	ST6	3
ST114	ST4	3
ST114	ST74	2
ST114	ST23	2
ST114	ST138	2
ST114	ST36	2
ST114	ST26	2
ST114	ST115	2
ST114	ST100	2
ST114	ST128	1
ST114	ST2	1
ST114	ST46	1
ST114	ST108	1
ST114	ST139	1
ST114	ST10	1
ST114	ST51	1
ST114	ST176	1
ST114	ST71	1
ST114	ST119	1
ST114	ST63	1
ST114	ST66	1
ST114	ST21	1
ST114	ST9	1
ST114	ST140	1
ST114	ST168	1
ST9	ST1	40
ST9	ST4	24
ST9	ST109	24
ST9	ST82	20
ST9	ST18	19
ST9	ST52	19
ST9	ST51	19
ST9	ST50	17
ST9	ST115	17
ST9	ST23	17
ST9	ST11	16
ST9	ST74	14
ST9	ST46	13
ST9	ST6	12
ST9	ST10	11
ST9	ST12	9
ST9	ST25	9
ST9	ST63	8
ST9	ST61	8
ST9	ST19	7
ST9	ST27	7
ST9	ST14	6
ST9	ST76	6
ST9	ST24	6
ST9	ST99	5
ST9	ST131	5
ST9	ST22	5
ST9	ST5	4
ST9	ST13	4
ST9	ST181	4
ST9	ST155	4
ST9	ST108	4
ST9	ST130	3
ST9	ST154	3
ST9	ST110	3
ST9	ST114	3
ST9	ST158	3
ST9	ST15	3
ST9	ST133	3
ST9	ST34	3
ST9	ST105	2
ST9	ST32	2
ST9	ST170	2
ST9	ST20	2
ST9	ST60	2
ST9	ST35	2
ST9	ST84	2
ST9	ST62	1
ST9	ST147	1
ST9	ST183	1
ST9	ST21	1
ST9	ST16	1
ST9	ST3	1
ST9	ST67	1
ST9	ST40	1
ST9	ST17	1
ST9	ST64	1
ST9	ST8	1
ST9	ST132	1
ST9	ST48	1
ST9	ST160	1
ST9	ST148	1
ST9	ST36	1
ST145	ST43	45
ST145	ST54	21
ST145	ST33	20
ST145	ST79	19
ST145	ST139	19
ST145	ST119	18
ST145	ST117	18
ST145	ST136	18
ST145	ST140	16
ST145	ST144	16
ST145	ST149	14
ST145	ST138	14
ST145	ST152	13
ST145	ST5	12
ST145	ST102	12
ST145	ST77	10
ST145	ST100	9
ST145	ST151	7
ST145	ST179	4
ST145	ST120	4
ST145	ST101	3
ST145	ST150	3
ST145	ST168	2
ST145	ST29	2
ST145	ST176	2
ST145	ST20	1
ST145	ST115	1
ST145	ST92	1
ST145	ST14	1
ST145	ST55	1
ST145	ST131	1
ST145	ST18	1
ST145	ST17	1
ST145	ST110	1
ST145	ST2	1
ST145	ST84	1
ST145	ST8	1
ST88	ST123	64
ST88	ST30	44
ST88	ST86	39
ST88	ST121	30
ST88	ST37	19
ST88	ST38	19
ST88	ST89	18
ST88	ST146	17
ST88	ST90	15
ST88	ST111	14
ST88	ST39	14
ST88	ST70	8
ST88	ST142	8
ST88	ST175	5
ST88	ST47	5
ST88	ST94	4
ST88	ST59	4
ST88	ST125	4
ST88	ST87	3
ST88	ST122	3
ST88	ST174	3
ST88	ST53	3
ST88	ST68	3
ST88	ST159	1
ST88	ST93	1
ST88	ST57	1
ST88	ST44	1
ST88	ST184	1
ST88	ST124	1
ST88	ST45	1
ST88	ST85	1
ST88	ST106	1
ST88	ST91	1
ST88	ST56	1
ST88	ST164	1
ST88	ST69	1
ST87	ST85	133
ST87	ST112	34
ST87	ST31	16
ST87	ST58	10
ST87	ST184	8
ST87	ST163	8
ST87	ST15	8
ST87	ST65	7
ST87	ST57	7
ST87	ST93	7
ST87	ST91	6
ST87	ST56	5
ST87	ST53	5
ST87	ST180	4
ST87	ST90	4
ST87	ST49	4
ST87	ST44	3
ST87	ST73	3
ST87	ST177	3
ST87	ST125	3
ST87	ST89	3
ST87	ST48	3
ST87	ST170	2
ST87	ST124	2
ST87	ST157	2
ST87	ST81	2
ST87	ST121	2
ST87	ST181	2
ST87	ST82	1
ST87	ST111	1
ST87	ST88	1
ST87	ST126	1
ST87	ST159	1
ST87	ST59	1
ST87	ST173	1
ST87	ST158	1
ST87	ST60	1
ST87	ST178	1
ST87	ST86	1
ST83	ST18	79
ST83	ST98	73
ST83	ST52	54
ST83	ST79	52
ST83	ST138	46
ST83	ST9	35
ST83	ST120	21
ST83	ST154	18
ST83	ST177	15
ST83	ST55	14
ST83	ST172	13
ST83	ST2	13
ST83	ST116	8
ST83	ST75	8
ST83	ST64	7
ST83	ST118	6
ST83	ST134	5
ST83	ST147	4
ST83	ST143	4
ST83	ST156	3
ST83	ST99	3
ST83	ST41	2
ST83	ST160	2
ST83	ST113	2
ST83	ST74	1
ST83	ST10	1
ST83	ST54	1
ST83	ST11	1
ST83	ST50	1
ST83	ST157	1
ST83	ST81	1
ST83	ST135	1
ST83	ST159	1
ST83	ST140	1
ST83	ST77	1
ST83	ST5	1
ST83	ST145	1
ST12	ST3	123
ST12	ST8	23
ST12	ST14	17
ST12	ST1	14
ST12	ST2	13
ST12	ST5	9
ST12	ST18	9
ST12	ST20	7
ST12	ST50	7
ST12	ST17	7
ST12	ST19	6
ST12	ST114	6
ST12	ST11	5
ST12	ST51	5
ST12	ST55	5
ST12	ST46	5
ST12	ST109	5
ST12	ST9	4
ST12	ST115	4
ST12	ST6	4
ST12	ST76	3
ST12	ST29	3
ST12	ST10	3
ST12	ST34	3
ST12	ST36	3
ST12	ST52	3
ST12	ST23	3
ST12	ST25	3
ST12	ST4	2
ST12	ST100	2
ST12	ST71	2
ST12	ST129	2
ST12	ST92	2
ST12	ST148	2
ST12	ST24	2
ST12	ST74	2
ST12	ST67	1
ST12	ST130	1
ST12	ST154	1
ST12	ST105	1
ST12	ST26	1
ST12	ST31	1
ST12	ST16	1
ST12	ST43	1
ST12	ST15	1
ST12	ST27	1
ST12	ST176	1
ST12	ST22	1
ST12	ST139	1
ST12	ST54	1
ST12	ST102	1
ST12	ST13	1
ST12	ST132	1
ST12	ST152	1
ST12	ST84	1
ST76	ST46	127
ST76	ST66	22
ST76	ST1	16
ST76	ST67	14
ST76	ST4	10
ST76	ST51	10
ST76	ST52	10
ST76	ST19	9
ST76	ST11	8
ST76	ST6	7
ST76	ST10	7
ST76	ST74	6
ST76	ST115	5
ST76	ST133	4
ST76	ST25	4
ST76	ST18	4
ST76	ST5	3
ST76	ST63	3
ST76	ST23	3
ST76	ST60	3
ST76	ST40	2
ST76	ST99	2
ST76	ST62	2
ST76	ST22	2
ST76	ST131	2
ST76	ST61	2
ST76	ST84	2
ST76	ST24	2
ST76	ST64	2
ST76	ST107	1
ST76	ST12	1
ST76	ST58	1
ST76	ST3	1
ST76	ST14	1
ST76	ST50	1
ST76	ST32	1
ST76	ST180	1
ST76	ST42	1
ST76	ST108	1
ST76	ST48	1
ST76	ST15	1
ST76	ST27	1
ST76	ST155	1
ST76	ST8	1
ST76	ST13	1
ST76	ST109	1
ST76	ST110	1
ST57	ST31	16
ST57	ST171	9
ST57	ST178	9
ST57	ST80	6
ST57	ST125	6
ST57	ST163	5
ST57	ST15	5
ST57	ST112	4
ST57	ST44	4
ST57	ST65	4
ST57	ST73	4
ST57	ST85	4
ST57	ST56	4
ST57	ST93	3
ST57	ST58	3
ST57	ST170	3
ST57	ST184	3
ST57	ST124	3
ST57	ST48	3
ST57	ST82	2
ST57	ST81	2
ST57	ST53	2
ST57	ST45	2
ST57	ST91	2
ST57	ST142	2
ST57	ST76	1
ST57	ST90	1
ST57	ST87	1
ST57	ST126	1
ST57	ST177	1
ST57	ST30	1
ST57	ST157	1
ST57	ST86	1
ST57	ST49	1
ST57	ST127	1
ST57	ST23	1
ST57	ST89	1
ST111	ST30	49
ST111	ST48	39
ST111	ST106	36
ST111	ST38	20
ST111	ST37	17
ST111	ST146	17
ST111	ST89	17
ST111	ST39	11
ST111	ST88	9
ST111	ST47	8
ST111	ST142	6
ST111	ST94	6
ST111	ST70	5
ST111	ST158	5
ST111	ST31	5
ST111	ST68	4
ST111	ST91	4
ST111	ST59	3
ST111	ST93	3
ST111	ST73	3
ST111	ST44	3
ST111	ST127	2
ST111	ST69	2
ST111	ST57	2
ST111	ST175	2
ST111	ST174	2
ST111	ST53	1
ST111	ST45	1
ST111	ST85	1
ST111	ST125	1
ST111	ST56	1
ST111	ST164	1
ST111	ST159	1
ST111	ST184	1
ST111	ST95	1
ST111	ST123	1
ST111	ST99	1
ST111	ST122	1
ST101	ST152	224
ST101	ST43	34
ST101	ST139	12
ST101	ST145	12
ST101	ST54	10
ST101	ST140	10
ST101	ST149	10
ST101	ST117	9
ST101	ST33	9
ST101	ST144	7
ST101	ST5	7
ST101	ST77	7
ST101	ST102	6
ST101	ST138	6
ST101	ST79	6
ST101	ST119	6
ST101	ST150	5
ST101	ST151	3
ST101	ST120	3
ST101	ST136	3
ST101	ST168	3
ST101	ST176	2
ST101	ST17	1
ST101	ST132	1
ST101	ST20	1
ST101	ST3	1
ST101	ST100	1
ST33	ST43	47
ST33	ST145	23
ST33	ST102	21
ST33	ST139	19
ST33	ST54	18
ST33	ST117	17
ST33	ST144	17
ST33	ST140	16
ST33	ST77	16
ST33	ST138	15
ST33	ST119	14
ST33	ST136	14
ST33	ST149	13
ST33	ST100	13
ST33	ST152	12
ST33	ST79	10
ST33	ST5	9
ST33	ST150	8
ST33	ST101	7
ST33	ST168	5
ST33	ST120	5
ST33	ST151	4
ST33	ST14	3
ST33	ST75	1
ST33	ST92	1
ST33	ST16	1
ST33	ST12	1
ST33	ST114	1
ST33	ST55	1
ST33	ST34	1
ST33	ST10	1
ST140	ST43	56
ST140	ST54	28
ST140	ST145	25
ST140	ST79	21
ST140	ST102	18
ST140	ST138	18
ST140	ST77	15
ST140	ST33	15
ST140	ST5	14
ST140	ST119	14
ST140	ST152	13
ST140	ST149	13
ST140	ST144	12
ST140	ST136	12
ST140	ST117	11
ST140	ST139	11
ST140	ST129	10
ST140	ST120	7
ST140	ST150	7
ST140	ST100	7
ST140	ST151	4
ST140	ST101	3
ST140	ST3	2
ST140	ST168	2
ST140	ST14	2
ST140	ST55	1
ST140	ST176	1
ST140	ST34	1
ST140	ST128	1
ST140	ST50	1
ST168	ST117	164
ST168	ST43	24
ST168	ST102	11
ST168	ST140	10
ST168	ST77	8
ST168	ST138	8
ST168	ST145	7
ST168	ST136	7
ST168	ST139	7
ST168	ST119	5
ST168	ST144	5
ST168	ST149	4
ST168	ST5	4
ST168	ST33	4
ST168	ST152	4
ST168	ST176	4
ST168	ST150	3
ST168	ST54	3
ST168	ST79	2
ST168	ST101	2
ST168	ST100	2
ST168	ST120	2
ST168	ST151	2
ST168	ST14	1
ST168	ST51	1
ST168	ST34	1
ST130	ST32	130
ST130	ST132	33
ST130	ST19	25
ST130	ST51	22
ST130	ST133	9
ST130	ST108	8
ST130	ST60	7
ST130	ST24	7
ST130	ST131	5
ST130	ST99	5
ST130	ST115	5
ST130	ST21	4
ST130	ST40	4
ST130	ST98	3
ST130	ST1	3
ST130	ST25	2
ST130	ST113	2
ST130	ST11	2
ST130	ST6	2
ST130	ST76	2
ST130	ST52	1
ST130	ST23	1
ST130	ST35	1
ST130	ST46	1
ST130	ST18	1
ST130	ST166	1
ST130	ST42	1
ST130	ST10	1
ST130	ST156	1
ST130	ST96	1
ST130	ST92	1
ST130	ST72	1
ST130	ST62	1
ST130	ST50	1
ST130	ST153	1
ST130	ST4	1
ST77	ST43	42
ST77	ST79	23
ST77	ST54	22
ST77	ST102	20
ST77	ST117	20
ST77	ST138	19
ST77	ST139	19
ST77	ST136	18
ST77	ST152	18
ST77	ST33	17
ST77	ST145	13
ST77	ST149	12
ST77	ST100	11
ST77	ST5	10
ST77	ST140	10
ST77	ST168	9
ST77	ST150	8
ST77	ST101	8
ST77	ST119	7
ST77	ST151	7
ST77	ST144	6
ST77	ST120	5
ST77	ST14	3
ST77	ST176	3
ST77	ST3	2
ST77	ST6	1
ST77	ST50	1
ST77	ST179	1
ST77	ST184	1
ST77	ST20	1
ST77	ST23	1
ST77	ST55	1
ST137	ST45	63
ST137	ST126	34
ST137	ST81	26
ST137	ST127	23
ST137	ST78	23
ST137	ST104	23
ST137	ST157	21
ST137	ST91	17
ST137	ST182	17
ST137	ST95	16
ST137	ST162	15
ST137	ST80	9
ST137	ST49	6
ST137	ST169	6
ST137	ST90	6
ST137	ST31	6
ST137	ST15	2
ST137	ST53	2
ST137	ST56	2
ST137	ST125	2
ST137	ST155	2
ST137	ST58	2
ST137	ST93	2
ST137	ST73	2
ST137	ST44	2
ST137	ST124	2
ST137	ST141	1
ST137	ST85	1
ST137	ST167	1
ST137	ST172	1
ST137	ST181	1
ST137	ST97	1
ST137	ST112	1
ST137	ST57	1
ST137	ST87	1
ST137	ST65	1
ST137	ST50	1
ST137	ST163	1
ST137	ST184	1
ST177	ST56	197
ST177	ST31	16
ST177	ST73	9
ST177	ST93	8
ST177	ST53	8
ST177	ST85	8
ST177	ST184	7
ST177	ST81	7
ST177	ST125	7
ST177	ST82	6
ST177	ST65	6
ST177	ST57	6
ST177	ST91	6
ST177	ST15	6
ST177	ST48	6
ST177	ST124	4
ST177	ST163	4
ST177	ST58	4
ST177	ST178	4
ST177	ST156	4
ST177	ST180	3
ST177	ST112	3
ST177	ST87	3
ST177	ST159	3
ST177	ST49	3
ST177	ST30	2
ST177	ST95	2
ST177	ST171	2
ST177	ST158	2
ST177	ST167	2
ST177	ST86	2
ST177	ST170	1
ST177	ST80	1
ST177	ST182	1
ST177	ST32	1
ST177	ST44	1
ST177	ST157	1
ST177	ST137	1
ST177	ST4	1
ST177	ST173	1
ST177	ST181	1
ST177	ST97	1
ST177	ST60	1
ST177	ST89	1
ST177	ST38	1
ST177	ST141	1
ST177	ST45	1
ST93	ST31	38
ST93	ST15	23
ST93	ST58	21
ST93	ST91	15
ST93	ST44	14
ST93	ST65	14
ST93	ST53	14
ST93	ST163	11
ST93	ST124	11
ST93	ST81	10
ST93	ST73	9
ST93	ST57	9
ST93	ST125	9
ST93	ST82	8
ST93	ST85	8
ST93	ST48	8
ST93	ST159	7
ST93	ST56	7
ST93	ST178	7
ST93	ST170	5
ST93	ST177	5
ST93	ST104	4
ST93	ST184	4
ST93	ST87	4
ST93	ST112	4
ST93	ST158	4
ST93	ST155	4
ST93	ST180	3
ST93	ST171	3
ST93	ST167	3
ST93	ST181	3
ST93	ST45	3
ST93	ST49	3
ST93	ST80	2
ST93	ST137	2
ST93	ST126	2
ST93	ST173	2
ST93	ST1	1
ST93	ST30	1
ST93	ST162	1
ST93	ST90	1
ST93	ST60	1
ST93	ST78	1
ST93	ST169	1
ST93	ST172	1
ST93	ST18	1
ST93	ST47	1
ST93	ST127	1
ST93	ST37	1
ST93	ST141	1
ST93	ST38	1
ST93	ST70	1
ST93	ST86	1
ST126	ST45	58
ST126	ST137	28
ST126	ST91	24
ST126	ST81	24
ST126	ST162	24
ST126	ST78	22
ST126	ST127	21
ST126	ST157	18
ST126	ST104	18
ST126	ST182	17
ST126	ST95	15
ST126	ST80	8
ST126	ST155	5
ST126	ST49	5
ST126	ST125	4
ST126	ST169	4
ST126	ST141	4
ST126	ST163	4
ST126	ST31	3
ST126	ST90	3
ST126	ST56	2
ST126	ST178	2
ST126	ST48	2
ST126	ST44	2
ST126	ST65	2
ST126	ST73	2
ST126	ST57	2
ST126	ST25	1
ST126	ST46	1
ST126	ST167	1
ST126	ST86	1
ST126	ST53	1
ST126	ST15	1
ST126	ST85	1
ST126	ST184	1
ST126	ST124	1
ST126	ST171	1
ST126	ST112	1
ST126	ST93	1
ST126	ST177	1
ST67	ST46	125
ST67	ST66	24
ST67	ST76	16
ST67	ST1	14
ST67	ST6	11
ST67	ST29	10
ST67	ST52	9
ST67	ST11	9
ST67	ST4	8
ST67	ST50	8
ST67	ST25	6
ST67	ST18	5
ST67	ST51	4
ST67	ST10	4
ST67	ST109	4
ST67	ST74	4
ST67	ST19	4
ST67	ST61	3
ST67	ST131	3
ST67	ST22	3
ST67	ST23	3
ST67	ST12	3
ST67	ST71	3
ST67	ST63	3
ST67	ST55	2
ST67	ST34	2
ST67	ST60	2
ST67	ST58	2
ST67	ST154	2
ST67	ST27	1
ST67	ST108	1
ST67	ST28	1
ST67	ST133	1
ST67	ST178	1
ST67	ST98	1
ST67	ST148	1
ST67	ST36	1
ST67	ST24	1
ST67	ST132	1
ST67	ST130	1
ST67	ST159	1
ST67	ST107	1
ST67	ST105	1
ST67	ST171	1
ST67	ST134	1
ST67	ST115	1
ST67	ST95	1
ST79	ST43	54
ST79	ST145	20
ST79	ST144	20
ST79	ST152	19
ST79	ST33	18
ST79	ST136	17
ST79	ST117	17
ST79	ST5	16
ST79	ST77	15
ST79	ST102	15
ST79	ST139	15
ST79	ST140	14
ST79	ST138	14
ST79	ST149	13
ST79	ST100	13
ST79	ST54	12
ST79	ST119	11
ST79	ST168	9
ST79	ST150	5
ST79	ST151	5
ST79	ST101	4
ST79	ST120	4
ST79	ST114	4
ST79	ST14	2
ST79	ST55	2
ST79	ST34	2
ST79	ST129	1
ST79	ST3	1
ST79	ST17	1
ST79	ST2	1
ST79	ST8	1
ST79	ST165	1
ST79	ST176	1
ST20	ST133	37
ST20	ST14	31
ST20	ST5	15
ST20	ST8	14
ST20	ST144	12
ST20	ST17	11
ST20	ST84	10
ST20	ST34	10
ST20	ST19	9
ST20	ST55	9
ST20	ST114	7
ST20	ST3	6
ST20	ST24	4
ST20	ST151	4
ST20	ST16	3
ST20	ST92	3
ST20	ST179	3
ST20	ST32	3
ST20	ST12	3
ST20	ST132	3
ST20	ST60	3
ST20	ST7	3
ST20	ST99	2
ST20	ST129	2
ST20	ST128	2
ST20	ST131	2
ST20	ST50	1
ST20	ST21	1
ST20	ST147	1
ST20	ST40	1
ST20	ST145	1
ST20	ST33	1
ST20	ST130	1
ST20	ST77	1
ST20	ST25	1
ST20	ST109	1
ST20	ST98	1
ST20	ST108	1
ST20	ST156	1
ST20	ST176	1
ST95	ST45	63
ST95	ST126	27
ST95	ST78	27
ST95	ST137	26
ST95	ST91	24
ST95	ST157	23
ST95	ST127	23
ST95	ST162	21
ST95	ST182	19
ST95	ST104	18
ST95	ST81	17
ST95	ST80	7
ST95	ST90	7
ST95	ST169	6
ST95	ST172	5
ST95	ST94	4
ST95	ST44	3
ST95	ST31	3
ST95	ST58	3
ST95	ST15	3
ST95	ST73	2
ST95	ST124	2
ST95	ST93	2
ST95	ST125	2
ST95	ST85	2
ST95	ST49	2
ST95	ST141	2
ST95	ST50	1
ST95	ST66	1
ST95	ST171	1
ST95	ST82	1
ST95	ST184	1
ST95	ST170	1
ST95	ST67	1
ST95	ST57	1
ST95	ST155	1
ST95	ST23	1
ST95	ST53	1
ST92	ST17	201
ST92	ST14	29
ST92	ST84	18
ST92	ST3	12
ST92	ST5	10
ST92	ST55	10
ST92	ST34	9
ST92	ST114	7
ST92	ST20	6
ST92	ST16	5
ST92	ST129	5
ST92	ST12	3
ST92	ST51	3
ST92	ST115	2
ST92	ST100	1
ST92	ST179	1
ST92	ST29	1
ST92	ST71	1
ST92	ST1	1
ST92	ST21	1
ST92	ST11	1
ST92	ST133	1
ST92	ST108	1
ST92	ST8	1
ST92	ST25	1
ST92	ST23	1
ST92	ST35	1
ST92	ST132	1
ST92	ST7	1
ST92	ST46	1
ST92	ST18	1
ST82	ST31	20
ST82	ST15	19
ST82	ST184	13
ST82	ST85	11
ST82	ST124	11
ST82	ST158	10
ST82	ST44	10
ST82	ST163	9
ST82	ST93	9
ST82	ST125	8
ST82	ST58	8
ST82	ST73	7
ST82	ST81	7
ST82	ST91	6
ST82	ST56	6
ST82	ST155	5
ST82	ST180	5
ST82	ST53	4
ST82	ST49	4
ST82	ST177	4
ST82	ST57	4
ST82	ST48	3
ST82	ST65	3
ST82	ST171	3
ST82	ST9	3
ST82	ST167	2
ST82	ST178	2
ST82	ST30	2
ST82	ST159	2
ST82	ST87	2
ST82	ST60	1
ST82	ST46	1
ST82	ST78	1
ST82	ST173	1
ST82	ST97	1
ST82	ST37	1
ST82	ST141	1
ST82	ST45	1
ST82	ST51	1
ST82	ST39	1
ST82	ST86	1
ST82	ST70	1
ST82	ST1	1
ST82	ST157	1
ST82	ST104	1
ST82	ST80	1
ST82	ST95	1
ST82	ST126	1
ST82	ST137	1
ST124	ST31	31
ST124	ST15	23
ST124	ST91	17
ST124	ST73	16
ST124	ST184	15
ST124	ST125	12
ST124	ST163	12
ST124	ST93	12
ST124	ST56	11
ST124	ST48	11
ST124	ST81	11
ST124	ST44	11
ST124	ST53	10
ST124	ST82	9
ST124	ST57	9
ST124	ST58	8
ST124	ST45	7
ST124	ST65	7
ST124	ST85	6
ST124	ST171	6
ST124	ST173	5
ST124	ST167	5
ST124	ST80	5
ST124	ST159	5
ST124	ST86	4
ST124	ST178	4
ST124	ST30	4
ST124	ST157	4
ST124	ST177	4
ST124	ST158	3
ST124	ST181	3
ST124	ST34	3
ST124	ST170	3
ST124	ST154	3
ST124	ST49	2
ST124	ST141	2
ST124	ST180	2
ST124	ST87	2
ST124	ST112	2
ST124	ST25	1
ST124	ST97	1
ST124	ST59	1
ST124	ST47	1
ST124	ST60	1
ST124	ST42	1
ST124	ST113	1
ST124	ST39	1
ST124	ST127	1
ST124	ST37	1
ST124	ST21	1
ST124	ST90	1
ST124	ST107	1
ST124	ST162	1
ST179	ST114	255
ST179	ST145	33
ST179	ST14	30
ST179	ST5	10
ST179	ST84	9
ST179	ST55	8
ST179	ST17	8
ST179	ST20	8
ST179	ST34	7
ST179	ST110	7
ST179	ST3	7
ST179	ST92	4
ST179	ST16	3
ST179	ST133	2
ST179	ST35	2
ST179	ST8	2
ST179	ST40	2
ST179	ST115	2
ST179	ST129	2
ST179	ST29	2
ST179	ST117	1
ST179	ST148	1
ST179	ST10	1
ST179	ST36	1
ST179	ST28	1
ST179	ST166	1
ST179	ST46	1
ST179	ST143	1
ST179	ST12	1
ST179	ST67	1
ST179	ST4	1
ST179	ST77	1
ST179	ST19	1
ST179	ST1	1
ST182	ST45	51
ST182	ST126	27
ST182	ST81	25
ST182	ST91	24
ST182	ST180	23
ST182	ST127	23
ST182	ST104	22
ST182	ST137	20
ST182	ST162	20
ST182	ST157	19
ST182	ST78	18
ST182	ST95	16
ST182	ST146	8
ST182	ST80	7
ST182	ST49	7
ST182	ST169	6
ST182	ST90	4
ST182	ST31	3
ST182	ST178	3
ST182	ST155	3
ST182	ST125	3
ST182	ST82	2
ST182	ST73	2
ST182	ST65	2
ST182	ST53	2
ST182	ST158	2
ST182	ST56	2
ST182	ST112	1
ST182	ST177	1
ST182	ST93	1
ST182	ST58	1
ST182	ST44	1
ST182	ST85	1
ST182	ST48	1
ST182	ST15	1
ST182	ST181	1
ST80	ST81	116
ST80	ST49	33
ST80	ST45	19
ST80	ST31	18
ST80	ST124	10
ST80	ST58	8
ST80	ST73	7
ST80	ST82	6
ST80	ST157	6
ST80	ST44	6
ST80	ST125	6
ST80	ST163	5
ST80	ST137	5
ST80	ST93	5
ST80	ST162	5
ST80	ST85	5
ST80	ST15	5
ST80	ST141	5
ST80	ST95	4
ST80	ST182	4
ST80	ST184	4
ST80	ST104	4
ST80	ST171	4
ST80	ST65	4
ST80	ST112	4
ST80	ST126	4
ST80	ST173	4
ST80	ST56	4
ST80	ST53	4
ST80	ST57	3
ST80	ST78	3
ST80	ST167	3
ST80	ST48	3
ST80	ST127	3
ST80	ST180	2
ST80	ST87	2
ST80	ST177	2
ST80	ST158	2
ST80	ST169	2
ST80	ST91	2
ST80	ST1	1
ST80	ST90	1
ST80	ST155	1
ST80	ST2	1
ST184	ST34	32
ST184	ST31	27
ST184	ST15	16
ST184	ST53	15
ST184	ST81	14
ST184	ST124	14
ST184	ST163	13
ST184	ST85	13
ST184	ST125	13
ST184	ST91	12
ST184	ST73	11
ST184	ST58	10
ST184	ST93	10
ST184	ST44	8
ST184	ST48	8
ST184	ST56	8
ST184	ST173	8
ST184	ST57	7
ST184	ST82	7
ST184	ST133	7
ST184	ST159	6
ST184	ST65	6
ST184	ST87	5
ST184	ST171	5
ST184	ST45	5
ST184	ST49	5
ST184	ST158	5
ST184	ST177	4
ST184	ST170	4
ST184	ST181	4
ST184	ST137	3
ST184	ST178	3
ST184	ST126	2
ST184	ST95	2
ST184	ST80	2
ST184	ST86	2
ST184	ST167	2
ST184	ST20	1
ST184	ST180	1
ST184	ST29	1
ST184	ST129	1
ST184	ST50	1
ST184	ST157	1
ST184	ST92	1
ST184	ST127	1
ST184	ST70	1
ST184	ST142	1
ST184	ST89	1
ST184	ST78	1
ST184	ST17	1
ST184	ST60	1
ST184	ST114	1
ST184	ST24	1
ST184	ST97	1
ST184	ST155	1
ST184	ST2	1
ST71	ST92	225
ST71	ST17	64
ST71	ST29	43
ST71	ST14	10
ST71	ST5	7
ST71	ST84	6
ST71	ST55	5
ST71	ST114	5
ST71	ST67	4
ST71	ST34	3
ST71	ST20	3
ST71	ST3	3
ST71	ST16	3
ST71	ST176	1
ST71	ST52	1
ST71	ST7	1
ST71	ST109	1
ST71	ST100	1
ST71	ST33	1
ST71	ST43	1
ST71	ST66	1
ST105	ST63	182
ST105	ST115	118
ST105	ST1	11
ST105	ST51	7
ST105	ST52	6
ST105	ST10	5
ST105	ST19	4
ST105	ST50	4
ST105	ST11	4
ST105	ST4	4
ST105	ST23	4
ST105	ST74	3
ST105	ST109	3
ST105	ST32	2
ST105	ST6	2
ST105	ST155	2
ST105	ST18	2
ST105	ST108	2
ST105	ST61	2
ST105	ST92	1
ST105	ST66	1
ST105	ST154	1
ST105	ST76	1
ST105	ST40	1
ST105	ST12	1
ST105	ST67	1
ST105	ST79	1
ST105	ST132	1
ST105	ST25	1
ST105	ST24	1
ST105	ST64	1
ST105	ST46	1
ST105	ST36	1
ST105	ST133	1
ST105	ST96	1
ST135	ST103	190
ST135	ST35	44
ST135	ST148	16
ST135	ST96	14
ST135	ST40	11
ST135	ST143	10
ST135	ST110	8
ST135	ST166	7
ST135	ST134	5
ST135	ST161	5
ST135	ST147	4
ST135	ST24	4
ST135	ST183	2
ST135	ST160	2
ST135	ST6	1
ST135	ST19	1
ST135	ST84	1
ST104	ST45	65
ST104	ST78	25
ST104	ST81	24
ST104	ST181	23
ST104	ST91	22
ST104	ST137	20
ST104	ST127	19
ST104	ST126	18
ST104	ST157	18
ST104	ST95	17
ST104	ST162	15
ST104	ST182	13
ST104	ST80	11
ST104	ST169	8
ST104	ST90	7
ST104	ST49	6
ST104	ST31	4
ST104	ST155	3
ST104	ST172	3
ST104	ST93	3
ST104	ST15	2
ST104	ST56	2
ST104	ST178	1
ST104	ST141	1
ST104	ST48	1
ST104	ST173	1
ST104	ST158	1
ST104	ST167	1
ST104	ST112	1
ST104	ST58	1
ST104	ST159	1
ST104	ST177	1
ST104	ST170	1
ST104	ST30	1
ST104	ST184	1
ST104	ST124	1
ST104	ST44	1
ST104	ST180	1
ST104	ST163	1
ST119	ST43	38
ST119	ST138	24
ST119	ST79	21
ST119	ST145	20
ST119	ST139	19
ST119	ST102	18
ST119	ST152	16
ST119	ST144	14
ST119	ST54	14
ST119	ST33	14
ST119	ST117	13
ST119	ST100	13
ST119	ST77	13
ST119	ST136	12
ST119	ST5	11
ST119	ST140	8
ST119	ST149	8
ST119	ST120	5
ST119	ST151	4
ST119	ST168	3
ST119	ST34	2
ST119	ST101	2
ST119	ST14	2
ST119	ST55	1
ST119	ST3	1
ST119	ST1	1
ST119	ST129	1
ST180	ST57	80
ST180	ST178	28
ST180	ST159	28
ST180	ST173	27
ST180	ST171	24
ST180	ST167	23
ST180	ST182	21
ST180	ST31	16
ST180	ST58	8
ST180	ST93	8
ST180	ST82	8
ST180	ST15	7
ST180	ST146	7
ST180	ST184	7
ST180	ST124	7
ST180	ST85	6
ST180	ST125	6
ST180	ST48	5
ST180	ST73	5
ST180	ST163	5
ST180	ST53	4
ST180	ST56	4
ST180	ST65	4
ST180	ST81	3
ST180	ST141	2
ST180	ST49	2
ST180	ST158	2
ST180	ST157	2
ST180	ST10	1
ST180	ST97	1
ST180	ST91	1
ST180	ST78	1
ST180	ST87	1
ST180	ST126	1
ST180	ST137	1
ST180	ST170	1
ST180	ST80	1
ST180	ST44	1
ST180	ST129	1
ST157	ST45	59
ST157	ST162	20
ST157	ST104	18
ST157	ST81	18
ST157	ST91	17
ST157	ST182	17
ST157	ST126	16
ST157	ST127	15
ST157	ST78	11
ST157	ST137	11
ST157	ST95	10
ST157	ST49	9
ST157	ST90	8
ST157	ST80	7
ST157	ST125	4
ST157	ST85	4
ST157	ST57	4
ST157	ST15	3
ST157	ST58	3
ST157	ST155	2
ST157	ST48	2
ST157	ST163	2
ST157	ST82	2
ST157	ST31	2
ST157	ST158	1
ST157	ST141	1
ST157	ST34	1
ST157	ST178	1
ST157	ST171	1
ST157	ST184	1
ST157	ST124	1
ST157	ST93	1
ST157	ST112	1
ST99	ST19	39
ST99	ST52	36
ST99	ST133	24
ST99	ST32	14
ST99	ST60	12
ST99	ST108	11
ST99	ST131	11
ST99	ST1	10
ST99	ST40	7
ST99	ST130	7
ST99	ST132	5
ST99	ST24	5
ST99	ST147	4
ST99	ST98	3
ST99	ST50	3
ST99	ST21	3
ST99	ST74	2
ST99	ST23	2
ST99	ST116	2
ST99	ST46	2
ST99	ST10	2
ST99	ST42	2
ST99	ST113	2
ST99	ST48	2
ST99	ST51	2
ST99	ST11	2
ST99	ST62	2
ST99	ST12	2
ST99	ST20	2
ST99	ST4	2
ST99	ST35	1
ST99	ST25	1
ST99	ST8	1
ST99	ST118	1
ST99	ST18	1
ST99	ST41	1
ST99	ST22	1
ST99	ST61	1
ST99	ST16	1
ST99	ST72	1
ST99	ST43	1
ST99	ST103	1
ST99	ST63	1
ST99	ST115	1
ST99	ST153	1
ST99	ST134	1
ST99	ST6	1
ST99	ST29	1
ST99	ST9	1
ST99	ST5	1
ST99	ST3	1
ST171	ST57	79
ST171	ST155	47
ST171	ST180	25
ST171	ST178	23
ST171	ST167	23
ST171	ST173	18
ST171	ST159	12
ST171	ST34	11
ST171	ST31	9
ST171	ST125	6
ST171	ST23	5
ST171	ST81	5
ST171	ST156	4
ST171	ST53	4
ST171	ST85	4
ST171	ST184	4
ST171	ST124	4
ST171	ST1	4
ST171	ST163	4
ST171	ST10	3
ST171	ST15	3
ST171	ST56	3
ST171	ST58	3
ST171	ST82	3
ST171	ST73	3
ST171	ST65	3
ST171	ST61	2
ST171	ST74	2
ST171	ST52	2
ST171	ST158	2
ST171	ST18	2
ST171	ST46	2
ST171	ST93	2
ST171	ST170	2
ST171	ST19	2
ST171	ST63	2
ST171	ST86	1
ST171	ST108	1
ST171	ST49	1
ST171	ST51	1
ST171	ST13	1
ST171	ST109	1
ST171	ST76	1
ST171	ST87	1
ST171	ST9	1
ST171	ST4	1
ST171	ST80	1
ST171	ST14	1
ST171	ST182	1
ST171	ST32	1
ST171	ST6	1
ST171	ST44	1
ST171	ST99	1
ST171	ST104	1
ST183	ST40	136
ST183	ST24	49
ST183	ST147	32
ST183	ST35	22
ST183	ST19	12
ST183	ST96	10
ST183	ST28	10
ST183	ST161	8
ST183	ST166	8
ST183	ST131	7
ST183	ST110	6
ST183	ST6	6
ST183	ST103	5
ST183	ST27	4
ST183	ST160	4
ST183	ST148	4
ST183	ST32	4
ST183	ST51	2
ST183	ST151	2
ST183	ST108	2
ST183	ST133	2
ST183	ST98	2
ST183	ST36	2
ST183	ST109	2
ST183	ST13	2
ST183	ST116	2
ST183	ST132	2
ST183	ST99	2
ST183	ST21	2
ST183	ST61	1
ST183	ST113	1
ST183	ST60	1
ST183	ST18	1
ST183	ST25	1
ST183	ST8	1
ST183	ST23	1
ST183	ST130	1
ST183	ST67	1
ST183	ST143	1
ST183	ST135	1
ST183	ST62	1
ST183	ST50	1
ST183	ST179	1
ST183	ST75	1
ST50	ST1	28
ST50	ST131	18
ST50	ST11	11
ST50	ST51	10
ST50	ST100	8
ST50	ST4	8
ST50	ST46	8
ST50	ST10	8
ST50	ST19	7
ST50	ST74	7
ST50	ST25	7
ST50	ST62	6
ST50	ST23	6
ST50	ST133	6
ST50	ST115	4
ST50	ST6	4
ST50	ST76	4
ST50	ST52	4
ST50	ST18	4
ST50	ST109	4
ST50	ST14	3
ST50	ST63	2
ST50	ST9	2
ST50	ST3	2
ST50	ST136	2
ST50	ST22	2
ST50	ST61	2
ST50	ST27	2
ST50	ST55	2
ST50	ST124	1
ST50	ST16	1
ST50	ST21	1
ST50	ST32	1
ST50	ST66	1
ST50	ST105	1
ST50	ST154	1
ST50	ST12	1
ST50	ST150	1
ST50	ST84	1
ST50	ST8	1
ST50	ST114	1
ST50	ST13	1
ST50	ST110	1
ST50	ST17	1
ST50	ST60	1
ST50	ST34	1
ST50	ST178	1
ST50	ST28	1
ST50	ST156	1
ST115	ST1	29
ST115	ST51	17
ST115	ST109	17
ST115	ST23	16
ST115	ST10	15
ST115	ST52	14
ST115	ST46	13
ST115	ST25	12
ST115	ST6	12
ST115	ST74	11
ST115	ST105	11
ST115	ST50	11
ST115	ST18	10
ST115	ST11	10
ST115	ST22	8
ST115	ST4	8
ST115	ST12	7
ST115	ST133	6
ST115	ST67	6
ST115	ST9	6
ST115	ST14	6
ST115	ST19	6
ST115	ST61	5
ST115	ST108	4
ST115	ST13	4
ST115	ST76	4
ST115	ST32	4
ST115	ST27	3
ST115	ST55	3
ST115	ST130	3
ST115	ST3	3
ST115	ST183	3
ST115	ST15	2
ST115	ST156	2
ST115	ST34	2
ST115	ST98	2
ST115	ST60	2
ST115	ST114	2
ST115	ST24	2
ST115	ST62	2
ST115	ST99	2
ST115	ST63	2
ST115	ST131	1
ST115	ST86	1
ST115	ST36	1
ST115	ST148	1
ST115	ST110	1
ST115	ST17	1
ST115	ST155	1
ST115	ST84	1
ST115	ST132	1
ST115	ST5	1
ST115	ST140	1
ST115	ST20	1
ST115	ST93	1
ST115	ST87	1
ST115	ST40	1
ST115	ST154	1
ST115	ST147	1
ST115	ST153	1
ST115	ST134	1
ST115	ST66	1
ST115	ST82	1
ST115	ST72	1
ST115	ST26	1
ST123	ST88	72
ST123	ST47	51
ST123	ST121	36
ST123	ST70	15
ST123	ST106	14
ST123	ST94	13
ST123	ST30	11
ST123	ST174	10
ST123	ST122	10
ST123	ST175	9
ST123	ST68	9
ST123	ST164	6
ST123	ST146	5
ST123	ST59	5
ST123	ST86	4
ST123	ST39	3
ST123	ST90	2
ST123	ST111	2
ST123	ST38	2
ST123	ST37	2
ST123	ST89	2
ST123	ST58	1
ST123	ST82	1
ST123	ST31	1
ST123	ST181	1
ST123	ST142	1
ST32	ST19	37
ST32	ST51	30
ST32	ST133	19
ST32	ST24	11
ST32	ST98	10
ST32	ST60	10
ST32	ST131	9
ST32	ST108	9
ST32	ST99	8
ST32	ST35	6
ST32	ST4	4
ST32	ST62	3
ST32	ST1	3
ST32	ST183	3
ST32	ST156	2
ST32	ST113	2
ST32	ST109	2
ST32	ST8	2
ST32	ST52	2
ST32	ST20	2
ST32	ST9	2
ST32	ST107	2
ST32	ST40	2
ST32	ST147	2
ST32	ST6	2
ST32	ST50	2
ST32	ST27	1
ST32	ST55	1
ST32	ST48	1
ST32	ST151	1
ST32	ST42	1
ST32	ST10	1
ST32	ST110	1
ST32	ST46	1
ST32	ST161	1
ST32	ST116	1
ST32	ST118	1
ST32	ST74	1
ST32	ST23	1
ST32	ST67	1
ST32	ST154	1
ST32	ST29	1
ST32	ST21	1
ST32	ST115	1
ST32	ST63	1
ST32	ST11	1
ST32	ST14	1
ST32	ST72	1
ST6	ST1	26
ST6	ST23	11
ST6	ST24	10
ST6	ST50	10
ST6	ST51	9
ST6	ST25	9
ST6	ST115	8
ST6	ST11	8
ST6	ST10	7
ST6	ST4	7
ST6	ST19	7
ST6	ST74	6
ST6	ST46	6
ST6	ST18	6
ST6	ST52	5
ST6	ST155	4
ST6	ST64	4
ST6	ST12	4
ST6	ST36	3
ST6	ST61	3
ST6	ST109	3
ST6	ST63	3
ST6	ST108	2
ST6	ST22	2
ST6	ST110	2
ST6	ST60	2
ST6	ST166	2
ST6	ST9	2
ST6	ST154	2
ST6	ST5	2
ST6	ST67	2
ST6	ST14	2
ST6	ST86	1
ST6	ST133	1
ST6	ST34	1
ST6	ST178	1
ST6	ST55	1
ST6	ST127	1
ST6	ST35	1
ST6	ST143	1
ST6	ST40	1
ST6	ST76	1
ST6	ST3	1
ST6	ST31	1
ST6	ST16	1
ST6	ST147	1
ST6	ST105	1
ST6	ST32	1
ST6	ST183	1
ST94	ST47	87
ST94	ST122	33
ST94	ST59	26
ST94	ST70	25
ST94	ST174	21
ST94	ST106	21
ST94	ST175	20
ST94	ST68	19
ST94	ST30	16
ST94	ST123	13
ST94	ST38	13
ST94	ST89	11
ST94	ST39	11
ST94	ST111	8
ST94	ST146	7
ST94	ST37	7
ST94	ST164	5
ST94	ST95	3
ST94	ST65	2
ST94	ST69	2
ST94	ST142	2
ST94	ST31	1
ST94	ST82	1
ST94	ST171	1
ST94	ST73	1
ST94	ST163	1
ST94	ST180	1
ST94	ST57	1
ST94	ST88	1
ST94	ST181	1
ST94	ST56	1
ST94	ST127	1
ST94	ST53	1
ST94	ST15	1
ST42	ST21	119
ST42	ST107	35
ST42	ST116	34
ST42	ST72	32
ST42	ST113	27
ST42	ST41	16
ST42	ST19	14
ST42	ST154	10
ST42	ST156	7
ST42	ST32	6
ST42	ST60	5
ST42	ST108	4
ST42	ST133	4
ST42	ST131	4
ST42	ST130	3
ST42	ST62	3
ST42	ST18	3
ST42	ST40	2
ST42	ST20	2
ST42	ST25	2
ST42	ST9	1
ST42	ST12	1
ST42	ST4	1
ST42	ST5	1
ST42	ST124	1
ST42	ST163	1
ST42	ST29	1
ST42	ST63	1
ST42	ST99	1
ST42	ST134	1
ST42	ST1	1
ST42	ST98	1
ST42	ST10	1
ST42	ST51	1
ST42	ST52	1
ST42	ST23	1
ST42	ST35	1
ST42	ST24	1
ST160	ST35	136
ST160	ST148	37
ST160	ST103	37
ST160	ST96	33
ST160	ST40	33
ST160	ST166	31
ST160	ST161	29
ST160	ST110	26
ST160	ST62	17
ST160	ST183	14
ST160	ST147	12
ST160	ST24	10
ST160	ST135	9
ST160	ST61	5
ST160	ST19	2
ST160	ST133	1
ST160	ST28	1
ST160	ST27	1
ST160	ST51	1
ST160	ST13	1
ST160	ST60	1
ST160	ST130	1
ST160	ST4	1
ST160	ST14	1
ST160	ST72	1
ST160	ST134	1
ST160	ST32	1
ST160	ST29	1
ST139	ST43	50
ST139	ST54	22
ST139	ST136	19
ST139	ST117	18
ST139	ST138	18
ST139	ST102	17
ST139	ST152	17
ST139	ST33	17
ST139	ST119	17
ST139	ST149	17
ST139	ST77	16
ST139	ST145	14
ST139	ST5	13
ST139	ST140	11
ST139	ST79	10
ST139	ST144	8
ST139	ST120	8
ST139	ST100	7
ST139	ST151	5
ST139	ST150	5
ST139	ST168	4
ST139	ST101	3
ST139	ST14	2
ST139	ST61	1
ST139	ST17	1
ST139	ST84	1
ST139	ST20	1
ST139	ST3	1
ST139	ST50	1
ST86	ST87	226
ST86	ST85	43
ST86	ST112	24
ST86	ST90	15
ST86	ST121	13
ST86	ST31	6
ST86	ST93	5
ST86	ST88	4
ST86	ST184	4
ST86	ST73	4
ST86	ST163	4
ST86	ST56	3
ST86	ST170	3
ST86	ST124	3
ST86	ST178	2
ST86	ST53	2
ST86	ST15	2
ST86	ST171	2
ST86	ST48	1
ST86	ST127	1
ST86	ST141	1
ST86	ST45	1
ST86	ST125	1
ST86	ST173	1
ST86	ST91	1
ST86	ST89	1
ST86	ST167	1
ST86	ST58	1
ST86	ST82	1
ST86	ST182	1
ST86	ST44	1
ST86	ST1	1
ST86	ST123	1
ST86	ST180	1
ST133	ST20	69
ST133	ST29	19
ST133	ST8	13
ST133	ST32	11
ST133	ST19	11
ST133	ST14	9
ST133	ST34	8
ST133	ST99	6
ST133	ST1	6
ST133	ST108	6
ST133	ST144	6
ST133	ST5	5
ST133	ST55	5
ST133	ST17	5
ST133	ST60	5
ST133	ST84	5
ST133	ST40	4
ST133	ST129	4
ST133	ST131	4
ST133	ST134	3
ST133	ST42	3
ST133	ST24	3
ST133	ST114	3
ST133	ST132	3
ST133	ST130	2
ST133	ST3	2
ST133	ST71	2
ST133	ST16	2
ST133	ST72	2
ST133	ST92	2
ST133	ST51	2
ST133	ST96	2
ST133	ST98	2
ST133	ST52	2
ST133	ST77	1
ST133	ST67	1
ST133	ST107	1
ST133	ST100	1
ST133	ST12	1
ST133	ST62	1
ST133	ST21	1
ST133	ST6	1
ST133	ST26	1
ST133	ST113	1
ST133	ST41	1
ST133	ST10	1
ST133	ST46	1
ST133	ST136	1
ST133	ST109	1
ST133	ST7	1
ST133	ST18	1
ST133	ST25	1
ST133	ST128	1
ST133	ST23	1
ST133	ST74	1
ST54	ST43	48
ST54	ST136	21
ST54	ST138	19
ST54	ST117	18
ST54	ST140	18
ST54	ST33	17
ST54	ST145	17
ST54	ST5	16
ST54	ST77	15
ST54	ST79	15
ST54	ST119	15
ST54	ST100	14
ST54	ST139	13
ST54	ST152	13
ST54	ST149	13
ST54	ST144	10
ST54	ST102	10
ST54	ST168	7
ST54	ST120	5
ST54	ST101	5
ST54	ST150	4
ST54	ST176	3
ST54	ST151	2
ST54	ST17	2
ST54	ST114	1
ST54	ST8	1
ST54	ST52	1
ST54	ST3	1
ST54	ST14	1
ST54	ST16	1
ST148	ST35	98
ST148	ST103	33
ST148	ST110	31
ST148	ST40	29
ST148	ST166	25
ST148	ST161	24
ST148	ST96	19
ST148	ST24	16
ST148	ST183	16
ST148	ST132	11
ST148	ST147	8
ST148	ST160	6
ST148	ST28	5
ST148	ST135	5
ST148	ST19	4
ST148	ST6	4
ST148	ST60	2
ST148	ST27	2
ST148	ST23	1
ST148	ST74	1
ST148	ST13	1
ST148	ST46	1
ST148	ST14	1
ST148	ST99	1
ST148	ST143	1
ST117	ST43	44
ST117	ST102	19
ST117	ST138	18
ST117	ST145	17
ST117	ST5	15
ST117	ST136	14
ST117	ST54	14
ST117	ST33	13
ST117	ST144	12
ST117	ST119	12
ST117	ST140	12
ST117	ST77	12
ST117	ST79	12
ST117	ST120	10
ST117	ST152	10
ST117	ST149	10
ST117	ST139	9
ST117	ST100	6
ST117	ST151	5
ST117	ST14	3
ST117	ST150	3
ST117	ST114	1
ST117	ST176	1
ST117	ST34	1
ST117	ST4	1
ST117	ST101	1
ST117	ST3	1
ST117	ST20	1
ST178	ST15	77
ST178	ST57	59
ST178	ST173	21
ST178	ST171	19
ST178	ST180	16
ST178	ST167	14
ST178	ST159	11
ST178	ST60	10
ST178	ST31	8
ST178	ST34	7
ST178	ST85	3
ST178	ST156	3
ST178	ST109	3
ST178	ST125	3
ST178	ST52	3
ST178	ST124	3
ST178	ST53	2
ST178	ST56	2
ST178	ST181	2
ST178	ST74	2
ST178	ST23	2
ST178	ST2	2
ST178	ST4	2
ST178	ST163	2
ST178	ST1	2
ST178	ST95	2
ST178	ST80	2
ST178	ST45	1
ST178	ST51	1
ST178	ST49	1
ST178	ST70	1
ST178	ST46	1
ST178	ST18	1
ST178	ST155	1
ST178	ST25	1
ST178	ST162	1
ST178	ST58	1
ST178	ST67	1
ST178	ST93	1
ST178	ST112	1
ST178	ST32	1
ST178	ST73	1
ST178	ST65	1
ST178	ST115	1
ST178	ST11	1
ST178	ST82	1
ST178	ST184	1
ST106	ST111	63
ST106	ST47	54
ST106	ST68	20
ST106	ST122	20
ST106	ST30	19
ST106	ST175	19
ST106	ST94	18
ST106	ST70	16
ST106	ST59	15
ST106	ST174	15
ST106	ST48	5
ST106	ST123	5
ST106	ST38	4
ST106	ST146	3
ST106	ST91	3
ST106	ST37	3
ST106	ST56	2
ST106	ST164	2
ST106	ST39	2
ST106	ST158	1
ST106	ST89	1
ST106	ST80	1
ST106	ST184	1
ST106	ST82	1
ST106	ST31	1
ST106	ST65	1
ST106	ST57	1
ST106	ST88	1
ST98	ST99	167
ST98	ST52	45
ST98	ST19	30
ST98	ST5	23
ST98	ST60	12
ST98	ST131	11
ST98	ST133	9
ST98	ST24	8
ST98	ST32	8
ST98	ST108	7
ST98	ST144	5
ST98	ST1	5
ST98	ST42	3
ST98	ST96	2
ST98	ST113	2
ST98	ST18	2
ST98	ST130	2
ST98	ST107	2
ST98	ST100	2
ST98	ST40	2
ST98	ST6	2
ST98	ST62	2
ST98	ST43	2
ST98	ST151	1
ST98	ST61	1
ST98	ST117	1
ST98	ST10	1
ST98	ST86	1
ST98	ST13	1
ST98	ST46	1
ST98	ST109	1
ST98	ST2	1
ST98	ST35	1
ST98	ST84	1
ST98	ST8	1
ST98	ST20	1
ST98	ST140	1
ST98	ST4	1
ST98	ST9	1
ST98	ST50	1
ST98	ST11	1
ST98	ST183	1
ST98	ST21	1
ST98	ST147	1
ST98	ST119	1
ST98	ST135	1
ST98	ST72	1
ST10	ST1	29
ST10	ST51	17
ST10	ST109	16
ST10	ST46	15
ST10	ST25	13
ST10	ST11	13
ST10	ST74	11
ST10	ST22	10
ST10	ST6	10
ST10	ST18	9
ST10	ST4	9
ST10	ST50	9
ST10	ST52	8
ST10	ST23	8
ST10	ST115	8
ST10	ST19	7
ST10	ST67	6
ST10	ST9	5
ST10	ST12	5
ST10	ST61	4
ST10	ST110	4
ST10	ST131	3
ST10	ST133	3
ST10	ST27	3
ST10	ST40	3
ST10	ST14	3
ST10	ST99	3
ST10	ST32	3
ST10	ST108	2
ST10	ST60	2
ST10	ST116	2
ST10	ST154	2
ST10	ST5	2
ST10	ST3	2
ST10	ST20	2
ST10	ST29	2
ST10	ST63	2
ST10	ST42	1
ST10	ST113	1
ST10	ST86	1
ST10	ST148	1
ST10	ST178	1
ST10	ST34	1
ST10	ST155	1
ST10	ST17	1
ST10	ST24	1
ST10	ST114	1
ST10	ST13	1
ST10	ST64	1
ST10	ST100	1
ST10	ST76	1
ST10	ST16	1
ST10	ST92	1
ST10	ST71	1
ST10	ST129	1
ST10	ST62	1
ST10	ST66	1
ST10	ST183	1
ST10	ST171	1
ST36	ST16	223
ST36	ST6	68
ST36	ST13	26
ST36	ST12	19
ST36	ST27	17
ST36	ST24	14
ST36	ST14	7
ST36	ST110	6
ST36	ST5	5
ST36	ST147	5
ST36	ST64	5
ST36	ST84	5
ST36	ST20	4
ST36	ST18	4
ST36	ST3	3
ST36	ST11	3
ST36	ST51	3
ST36	ST52	3
ST36	ST40	2
ST36	ST129	2
ST36	ST34	2
ST36	ST46	2
ST36	ST35	2
ST36	ST33	1
ST36	ST4	1
ST36	ST9	1
ST36	ST71	1
ST36	ST183	1
ST36	ST115	1
ST36	ST19	1
ST36	ST55	1
ST36	ST96	1
ST36	ST61	1
ST36	ST28	1
ST36	ST17	1
ST36	ST109	1
ST36	ST114	1
ST36	ST2	1
ST36	ST23	1
ST36	ST74	1
ST85	ST31	24
ST85	ST15	16
ST85	ST53	15
ST85	ST58	13
ST85	ST89	12
ST85	ST93	12
ST85	ST56	9
ST85	ST57	9
ST85	ST91	8
ST85	ST44	8
ST85	ST48	7
ST85	ST65	7
ST85	ST82	7
ST85	ST125	6
ST85	ST49	6
ST85	ST163	6
ST85	ST184	6
ST85	ST112	6
ST85	ST45	5
ST85	ST73	5
ST85	ST155	4
ST85	ST180	4
ST85	ST124	4
ST85	ST170	4
ST85	ST81	3
ST85	ST80	3
ST85	ST177	3
ST85	ST167	2
ST85	ST158	2
ST85	ST173	2
ST85	ST104	2
ST85	ST122	2
ST85	ST171	2
ST85	ST157	2
ST85	ST159	2
ST85	ST23	1
ST85	ST38	1
ST85	ST178	1
ST85	ST50	1
ST85	ST95	1
ST85	ST130	1
ST85	ST4	1
ST85	ST126	1
ST85	ST87	1
ST176	ST168	208
ST176	ST117	75
ST176	ST165	14
ST176	ST14	13
ST176	ST43	5
ST176	ST140	4
ST176	ST79	4
ST176	ST20	4
ST176	ST55	3
ST176	ST54	3
ST176	ST139	3
ST176	ST34	3
ST176	ST17	3
ST176	ST138	3
ST176	ST136	3
ST176	ST102	3
ST176	ST84	3
ST176	ST101	3
ST176	ST77	3
ST176	ST3	3
ST176	ST145	3
ST176	ST144	2
ST176	ST120	2
ST176	ST114	2
ST176	ST33	2
ST176	ST100	2
ST176	ST149	2
ST176	ST119	2
ST176	ST16	2
ST176	ST8	1
ST176	ST152	1
ST176	ST129	1
ST176	ST115	1
ST176	ST1	1
ST176	ST92	1
ST151	ST144	122
ST151	ST102	99
ST151	ST43	17
ST151	ST54	10
ST151	ST20	7
ST151	ST136	7
ST151	ST33	6
ST151	ST140	6
ST151	ST77	6
ST151	ST138	6
ST151	ST119	5
ST151	ST152	5
ST151	ST79	4
ST151	ST133	4
ST151	ST29	3
ST151	ST149	3
ST151	ST145	3
ST151	ST100	3
ST151	ST117	3
ST151	ST139	3
ST151	ST5	2
ST151	ST120	2
ST151	ST72	1
ST151	ST101	1
ST151	ST168	1
ST151	ST60	1
ST49	ST81	107
ST49	ST80	24
ST49	ST45	21
ST49	ST31	12
ST49	ST15	7
ST49	ST53	7
ST49	ST85	7
ST49	ST65	6
ST49	ST182	6
ST49	ST58	6
ST49	ST91	5
ST49	ST125	5
ST49	ST127	5
ST49	ST162	5
ST49	ST137	5
ST49	ST78	4
ST49	ST48	4
ST49	ST163	4
ST49	ST95	4
ST49	ST126	4
ST49	ST57	4
ST49	ST173	3
ST49	ST178	3
ST49	ST157	3
ST49	ST44	3
ST49	ST124	3
ST49	ST56	2
ST49	ST169	2
ST49	ST155	2
ST49	ST73	2
ST49	ST171	2
ST49	ST104	2
ST49	ST184	2
ST49	ST82	2
ST49	ST159	2
ST49	ST93	2
ST49	ST167	1
ST49	ST60	1
ST49	ST97	1
ST49	ST181	1
ST49	ST158	1
ST49	ST94	1
ST49	ST30	1
ST49	ST112	1
ST49	ST87	1
ST49	ST90	1
ST37	ST30	74
ST37	ST146	31
ST37	ST89	29
ST37	ST39	29
ST37	ST38	23
ST37	ST47	18
ST37	ST111	17
ST37	ST88	13
ST37	ST59	11
ST37	ST94	10
ST37	ST68	9
ST37	ST70	8
ST37	ST122	7
ST37	ST175	7
ST37	ST106	7
ST37	ST174	6
ST37	ST69	5
ST37	ST142	5
ST37	ST123	4
ST37	ST31	3
ST37	ST65	3
ST37	ST73	3
ST37	ST57	3
ST37	ST158	3
ST37	ST125	3
ST37	ST56	3
ST37	ST49	3
ST37	ST112	2
ST37	ST93	2
ST37	ST178	2
ST37	ST182	1
ST37	ST124	1
ST37	ST80	1
ST37	ST184	1
ST37	ST170	1
ST37	ST163	1
ST37	ST81	1
ST37	ST44	1
ST37	ST1	1
ST37	ST87	1
ST37	ST177	1
ST37	ST137	1
ST37	ST159	1
ST37	ST58	1
ST37	ST181	1
ST37	ST173	1
ST37	ST85	1
ST37	ST53	1
ST96	ST35	103
ST96	ST40	43
ST96	ST148	35
ST96	ST110	26
ST96	ST161	22
ST96	ST166	22
ST96	ST103	22
ST96	ST183	14
ST96	ST160	13
ST96	ST147	10
ST96	ST24	7
ST96	ST135	6
ST96	ST48	5
ST96	ST28	4
ST96	ST6	4
ST96	ST155	3
ST96	ST19	3
ST96	ST143	3
ST96	ST64	2
ST96	ST133	2
ST96	ST99	2
ST96	ST109	1
ST96	ST18	1
ST96	ST108	1
ST96	ST131	1
ST96	ST10	1
ST96	ST27	1
ST96	ST31	1
ST96	ST184	1
ST96	ST29	1
ST96	ST9	1
ST96	ST130	1
ST15	ST60	49
ST15	ST34	22
ST15	ST1	14
ST15	ST23	7
ST15	ST115	7
ST15	ST50	7
ST15	ST56	6
ST15	ST156	6
ST15	ST51	6
ST15	ST19	6
ST15	ST4	6
ST15	ST109	5
ST15	ST25	5
ST15	ST91	4
ST15	ST52	4
ST15	ST181	4
ST15	ST53	4
ST15	ST32	4
ST15	ST171	4
ST15	ST81	4
ST15	ST93	4
ST15	ST18	3
ST15	ST46	3
ST15	ST85	3
ST15	ST65	3
ST15	ST6	3
ST15	ST11	3
ST15	ST78	2
ST15	ST74	2
ST15	ST125	2
ST15	ST155	2
ST15	ST158	2
ST15	ST37	2
ST15	ST61	2
ST15	ST27	2
ST15	ST45	2
ST15	ST10	2
ST15	ST44	2
ST15	ST184	2
ST15	ST124	2
ST15	ST31	2
ST15	ST58	2
ST15	ST76	2
ST15	ST57	2
ST15	ST154	2
ST15	ST9	2
ST15	ST110	1
ST15	ST2	1
ST15	ST97	1
ST15	ST141	1
ST15	ST48	1
ST15	ST127	1
ST15	ST22	1
ST15	ST131	1
ST15	ST73	1
ST15	ST63	1
ST15	ST99	1
ST15	ST104	1
ST15	ST129	1
ST15	ST163	1
ST15	ST170	1
ST15	ST182	1
ST15	ST82	1
ST15	ST162	1
ST15	ST67	1
ST15	ST177	1
ST15	ST112	1
ST15	ST87	1
ST15	ST12	1
ST15	ST40	1
ST141	ST49	224
ST141	ST81	53
ST141	ST80	15
ST141	ST45	8
ST141	ST184	6
ST141	ST163	5
ST141	ST157	5
ST141	ST31	5
ST141	ST124	5
ST141	ST95	4
ST141	ST15	4
ST141	ST126	3
ST141	ST162	3
ST141	ST65	3
ST141	ST85	3
ST141	ST48	3
ST141	ST56	3
ST141	ST125	3
ST141	ST93	2
ST141	ST58	2
ST141	ST90	2
ST141	ST73	2
ST141	ST82	2
ST141	ST182	2
ST141	ST127	2
ST141	ST181	2
ST141	ST137	1
ST141	ST88	1
ST141	ST57	1
ST141	ST112	1
ST141	ST104	1
ST141	ST170	1
ST141	ST51	1
ST141	ST167	1
ST141	ST91	1
ST141	ST158	1
ST141	ST97	1
ST141	ST173	1
ST128	ST129	195
ST128	ST7	117
ST128	ST26	20
ST128	ST14	6
ST128	ST114	5
ST128	ST84	4
ST128	ST2	3
ST128	ST22	3
ST128	ST29	2
ST128	ST140	2
ST128	ST23	2
ST128	ST17	2
ST128	ST55	2
ST128	ST179	1
ST128	ST92	1
ST128	ST147	1
ST128	ST6	1
ST128	ST50	1
ST128	ST3	1
ST128	ST5	1
ST128	ST8	1
ST128	ST34	1
ST8	ST20	89
ST8	ST3	76
ST8	ST133	22
ST8	ST29	18
ST8	ST2	16
ST8	ST12	14
ST8	ST14	12
ST8	ST55	7
ST8	ST19	6
ST8	ST34	6
ST8	ST5	5
ST8	ST144	4
ST8	ST24	3
ST8	ST17	3
ST8	ST4	2
ST8	ST16	2
ST8	ST99	2
ST8	ST129	2
ST8	ST114	2
ST8	ST100	1
ST8	ST140	1
ST8	ST130	1
ST8	ST72	1
ST8	ST1	1
ST8	ST32	1
ST8	ST62	1
ST8	ST98	1
ST8	ST42	1
ST8	ST108	1
ST8	ST131	1
ST8	ST139	1
ST8	ST84	1
ST8	ST116	1
ST8	ST110	1
ST8	ST109	1
ST118	ST19	123
ST118	ST131	37
ST118	ST60	27
ST118	ST32	26
ST118	ST99	25
ST118	ST24	24
ST118	ST108	23
ST118	ST133	21
ST118	ST1	13
ST118	ST20	11
ST118	ST132	10
ST118	ST21	10
ST118	ST62	9
ST118	ST98	8
ST118	ST25	7
ST118	ST46	6
ST118	ST40	6
ST118	ST11	6
ST118	ST18	5
ST118	ST109	5
ST118	ST4	5
ST118	ST134	5
ST118	ST6	5
ST118	ST156	4
ST118	ST52	4
ST118	ST35	4
ST118	ST130	4
ST118	ST115	4
ST118	ST10	3
ST118	ST42	3
ST118	ST113	3
ST118	ST61	3
ST118	ST23	3
ST118	ST74	3
ST118	ST8	3
ST118	ST50	3
ST118	ST22	2
ST118	ST144	2
ST118	ST51	2
ST118	ST84	2
ST118	ST76	2
ST118	ST107	2
ST118	ST9	2
ST118	ST72	2
ST118	ST14	2
ST118	ST147	2
ST118	ST178	1
ST118	ST41	1
ST118	ST28	1
ST118	ST96	1
ST118	ST85	1
ST118	ST166	1
ST118	ST116	1
ST118	ST172	1
ST118	ST154	1
ST118	ST159	1
ST118	ST66	1
ST118	ST63	1
ST118	ST153	1
ST97	ST93	300
ST97	ST31	20
ST97	ST15	12
ST97	ST184	7
ST97	ST124	7
ST97	ST82	7
ST97	ST57	7
ST97	ST125	7
ST97	ST73	6
ST97	ST163	6
ST97	ST53	6
ST97	ST178	6
ST97	ST85	5
ST97	ST65	4
ST97	ST44	4
ST97	ST180	4
ST97	ST81	4
ST97	ST80	4
ST97	ST58	4
ST97	ST177	4
ST97	ST56	4
ST97	ST171	3
ST97	ST159	2
ST97	ST126	2
ST97	ST87	2
ST97	ST91	2
ST97	ST181	2
ST97	ST155	2
ST97	ST49	2
ST97	ST122	1
ST97	ST170	1
ST97	ST182	1
ST97	ST4	1
ST97	ST112	1
ST97	ST78	1
ST97	ST47	1
ST97	ST37	1
ST97	ST48	1
ST97	ST127	1
ST97	ST39	1
ST52	ST99	33
ST52	ST1	24
ST52	ST23	15
ST52	ST4	14
ST52	ST18	13
ST52	ST6	12
ST52	ST74	12
ST52	ST11	10
ST52	ST19	10
ST52	ST109	10
ST52	ST25	10
ST52	ST61	9
ST52	ST98	9
ST52	ST50	8
ST52	ST51	8
ST52	ST10	7
ST52	ST115	6
ST52	ST14	5
ST52	ST9	4
ST52	ST12	4
ST52	ST46	4
ST52	ST27	4
ST52	ST34	4
ST52	ST63	3
ST52	ST130	3
ST52	ST110	3
ST52	ST133	3
ST52	ST32	2
ST52	ST67	2
ST52	ST64	2
ST52	ST13	2
ST52	ST114	2
ST52	ST66	1
ST52	ST105	1
ST52	ST62	1
ST52	ST92	1
ST52	ST5	1
ST52	ST154	1
ST52	ST76	1
ST52	ST40	1
ST52	ST56	1
ST52	ST24	1
ST52	ST116	1
ST52	ST84	1
ST52	ST155	1
ST52	ST15	1
ST52	ST55	1
ST52	ST178	1
ST52	ST22	1
ST52	ST42	1
ST132	ST32	132
ST132	ST51	35
ST132	ST130	31
ST132	ST19	26
ST132	ST148	15
ST132	ST133	14
ST132	ST134	10
ST132	ST99	9
ST132	ST108	7
ST132	ST4	6
ST132	ST1	6
ST132	ST24	6
ST132	ST21	5
ST132	ST131	4
ST132	ST60	4
ST132	ST40	3
ST132	ST62	3
ST132	ST23	3
ST132	ST74	3
ST132	ST109	3
ST132	ST20	2
ST132	ST67	2
ST132	ST170	2
ST132	ST50	2
ST132	ST63	2
ST132	ST10	2
ST132	ST98	2
ST132	ST27	2
ST132	ST8	2
ST132	ST116	2
ST132	ST154	1
ST132	ST12	1
ST132	ST16	1
ST132	ST6	1
ST132	ST115	1
ST132	ST11	1
ST132	ST105	1
ST132	ST29	1
ST132	ST22	1
ST132	ST113	1
ST132	ST28	1
ST132	ST42	1
ST132	ST35	1
ST132	ST52	1
ST132	ST118	1
ST132	ST18	1
ST132	ST46	1
ST23	ST1	37
ST23	ST129	19
ST23	ST4	15
ST23	ST46	14
ST23	ST25	14
ST23	ST115	13
ST23	ST50	10
ST23	ST18	9
ST23	ST51	8
ST23	ST109	8
ST23	ST52	8
ST23	ST12	7
ST23	ST10	6
ST23	ST2	6
ST23	ST74	6
ST23	ST11	6
ST23	ST22	5
ST23	ST110	5
ST23	ST9	5
ST23	ST63	5
ST23	ST32	5
ST23	ST6	4
ST23	ST19	4
ST23	ST27	3
ST23	ST24	3
ST23	ST13	3
ST23	ST3	3
ST23	ST130	3
ST23	ST99	3
ST23	ST105	3
ST23	ST61	2
ST23	ST108	2
ST23	ST131	2
ST23	ST17	2
ST23	ST84	2
ST23	ST155	2
ST23	ST20	2
ST23	ST5	2
ST23	ST76	2
ST23	ST66	2
ST23	ST14	2
ST23	ST48	1
ST23	ST15	1
ST23	ST98	1
ST23	ST42	1
ST23	ST133	1
ST23	ST161	1
ST23	ST60	1
ST23	ST7	1
ST23	ST136	1
ST23	ST67	1
ST23	ST40	1
ST23	ST183	1
ST23	ST134	1
ST23	ST153	1
ST23	ST72	1
ST74	ST1	35
ST74	ST10	18
ST74	ST23	17
ST74	ST18	17
ST74	ST50	16
ST74	ST51	16
ST74	ST115	15
ST74	ST6	13
ST74	ST11	13
ST74	ST12	13
ST74	ST4	13
ST74	ST52	12
ST74	ST46	12
ST74	ST19	11
ST74	ST73	11
ST74	ST14	7
ST74	ST72	7
ST74	ST25	7
ST74	ST109	7
ST74	ST99	5
ST74	ST22	5
ST74	ST133	5
ST74	ST67	4
ST74	ST13	4
ST74	ST110	4
ST74	ST16	3
ST74	ST32	3
ST74	ST154	3
ST74	ST9	3
ST74	ST114	3
ST74	ST131	3
ST74	ST61	3
ST74	ST55	3
ST74	ST183	2
ST74	ST63	2
ST74	ST105	2
ST74	ST84	2
ST74	ST132	2
ST74	ST24	2
ST74	ST60	2
ST74	ST17	2
ST74	ST34	2
ST74	ST108	2
ST74	ST27	2
ST74	ST31	1
ST74	ST134	1
ST74	ST21	1
ST74	ST66	1
ST74	ST147	1
ST74	ST29	1
ST74	ST129	1
ST74	ST76	1
ST74	ST40	1
ST74	ST20	1
ST74	ST3	1
ST74	ST5	1
ST74	ST155	1
ST74	ST64	1
ST74	ST161	1
ST74	ST98	1
ST74	ST42	1
ST74	ST15	1
ST74	ST156	1
ST69	ST39	167
ST69	ST68	56
ST69	ST30	39
ST69	ST73	20
ST69	ST146	11
ST69	ST89	10
ST69	ST111	8
ST69	ST38	8
ST69	ST88	6
ST69	ST37	5
ST69	ST47	4
ST69	ST174	3
ST69	ST142	3
ST69	ST175	2
ST69	ST122	2
ST69	ST123	2
ST69	ST94	2
ST69	ST106	2
ST69	ST125	2
ST69	ST57	1
ST69	ST81	1
ST69	ST31	1
ST69	ST124	1
ST69	ST184	1
ST69	ST85	1
ST69	ST48	1
ST69	ST49	1
ST69	ST53	1
ST69	ST141	1
ST69	ST70	1
ST69	ST178	1
ST69	ST164	1
ST69	ST59	1
ST169	ST157	165
ST169	ST45	30
ST169	ST137	13
ST169	ST104	13
ST169	ST91	11
ST169	ST182	10
ST169	ST127	9
ST169	ST78	9
ST169	ST126	9
ST169	ST162	7
ST169	ST80	5
ST169	ST95	5
ST169	ST155	4
ST169	ST90	4
ST169	ST31	4
ST169	ST81	4
ST169	ST49	3
ST169	ST56	2
ST169	ST159	2
ST169	ST178	1
ST169	ST141	1
ST169	ST51	1
ST169	ST85	1
ST169	ST173	1
ST169	ST57	1
ST169	ST184	1
ST169	ST30	1
ST169	ST65	1
ST169	ST73	1
ST169	ST1	1
ST169	ST163	1
ST78	ST45	56
ST78	ST126	29
ST78	ST157	28
ST78	ST81	24
ST78	ST104	22
ST78	ST137	21
ST78	ST182	21
ST78	ST127	20
ST78	ST91	20
ST78	ST95	18
ST78	ST162	15
ST78	ST80	12
ST78	ST90	10
ST78	ST49	9
ST78	ST141	6
ST78	ST169	6
ST78	ST172	5
ST78	ST31	5
ST78	ST163	4
ST78	ST48	2
ST78	ST15	2
ST78	ST56	2
ST78	ST57	2
ST78	ST93	2
ST78	ST44	2
ST78	ST178	1
ST78	ST85	1
ST78	ST58	1
ST78	ST159	1
ST78	ST184	1
ST78	ST171	1
ST78	ST73	1
ST78	ST65	1
ST161	ST35	113
ST161	ST40	35
ST161	ST96	34
ST161	ST166	29
ST161	ST110	27
ST161	ST148	22
ST161	ST103	22
ST161	ST160	18
ST161	ST183	14
ST161	ST24	12
ST161	ST147	11
ST161	ST135	6
ST161	ST28	4
ST161	ST32	4
ST161	ST143	3
ST161	ST19	3
ST161	ST6	3
ST161	ST108	2
ST161	ST133	1
ST161	ST131	1
ST161	ST60	1
ST161	ST64	1
ST161	ST62	1
ST161	ST21	1
ST136	ST100	63
ST136	ST43	34
ST136	ST138	17
ST136	ST139	16
ST136	ST54	15
ST136	ST33	14
ST136	ST145	12
ST136	ST144	12
ST136	ST5	11
ST136	ST140	10
ST136	ST102	10
ST136	ST117	8
ST136	ST152	8
ST136	ST79	7
ST136	ST77	5
ST136	ST149	5
ST136	ST101	4
ST136	ST119	4
ST136	ST120	4
ST136	ST168	3
ST136	ST150	2
ST136	ST50	2
ST136	ST151	2
ST136	ST14	1
ST136	ST131	1
ST136	ST61	1
ST136	ST17	1
ST142	ST38	219
ST142	ST30	38
ST142	ST146	15
ST142	ST47	15
ST142	ST89	13
ST142	ST37	13
ST142	ST39	12
ST142	ST111	7
ST142	ST68	6
ST142	ST174	5
ST142	ST70	3
ST142	ST94	3
ST142	ST88	3
ST142	ST164	2
ST142	ST91	2
ST142	ST59	2
ST142	ST106	2
ST142	ST122	2
ST142	ST82	2
ST142	ST175	2
ST142	ST56	1
ST142	ST116	1
ST142	ST181	1
ST142	ST125	1
ST142	ST49	1
ST142	ST127	1
ST142	ST15	1
ST142	ST163	1
ST142	ST121	1
ST142	ST44	1
ST142	ST31	1
ST142	ST184	1
ST142	ST57	1
ST109	ST1	45
ST109	ST10	21
ST109	ST51	17
ST109	ST18	15
ST109	ST4	15
ST109	ST50	15
ST109	ST25	13
ST109	ST46	13
ST109	ST11	12
ST109	ST52	11
ST109	ST74	10
ST109	ST23	10
ST109	ST19	9
ST109	ST12	6
ST109	ST9	6
ST109	ST115	6
ST109	ST22	5
ST109	ST60	5
ST109	ST67	5
ST109	ST6	5
ST109	ST63	5
ST109	ST61	4
ST109	ST110	4
ST109	ST76	4
ST109	ST14	4
ST109	ST131	3
ST109	ST108	3
ST109	ST27	3
ST109	ST84	3
ST109	ST5	3
ST109	ST99	3
ST109	ST34	2
ST109	ST178	2
ST109	ST98	2
ST109	ST133	2
ST109	ST42	2
ST109	ST55	2
ST109	ST155	2
ST109	ST13	2
ST109	ST24	2
ST109	ST107	2
ST109	ST3	2
ST109	ST21	2
ST109	ST139	1
ST109	ST160	1
ST109	ST96	1
ST109	ST15	1
ST109	ST156	1
ST109	ST35	1
ST109	ST132	1
ST109	ST181	1
ST109	ST8	1
ST109	ST112	1
ST109	ST79	1
ST109	ST130	1
ST109	ST92	1
ST109	ST16	1
ST109	ST183	1
ST109	ST66	1
ST109	ST62	1
ST167	ST57	98
ST167	ST159	36
ST167	ST171	29
ST167	ST173	27
ST167	ST180	26
ST167	ST178	21
ST167	ST31	18
ST167	ST125	10
ST167	ST15	9
ST167	ST184	8
ST167	ST53	7
ST167	ST48	7
ST167	ST44	7
ST167	ST58	6
ST167	ST93	5
ST167	ST163	5
ST167	ST181	4
ST167	ST87	4
ST167	ST73	4
ST167	ST85	3
ST167	ST91	3
ST167	ST81	3
ST167	ST170	3
ST167	ST65	2
ST167	ST124	2
ST167	ST82	2
ST167	ST45	1
ST167	ST49	1
ST167	ST127	1
ST167	ST70	1
ST167	ST164	1
ST167	ST78	1
ST167	ST97	1
ST167	ST158	1
ST167	ST23	1
ST167	ST177	1
ST167	ST137	1
ST167	ST182	1
ST167	ST30	1
ST167	ST80	1
ST7	ST128	114
ST7	ST129	50
ST7	ST14	26
ST7	ST23	22
ST7	ST34	14
ST7	ST17	14
ST7	ST5	13
ST7	ST55	11
ST7	ST84	10
ST7	ST3	8
ST7	ST22	7
ST7	ST114	6
ST7	ST2	6
ST7	ST20	6
ST7	ST16	5
ST7	ST133	4
ST7	ST8	3
ST7	ST100	3
ST7	ST12	3
ST7	ST29	3
ST7	ST152	2
ST7	ST1	2
ST7	ST179	2
ST7	ST10	1
ST7	ST54	1
ST7	ST116	1
ST7	ST60	1
ST7	ST52	1
ST7	ST33	1
ST7	ST140	1
ST7	ST32	1
ST7	ST119	1
ST7	ST92	1
ST7	ST43	1
ST166	ST35	104
ST166	ST40	43
ST166	ST110	34
ST166	ST96	34
ST166	ST103	31
ST166	ST161	28
ST166	ST148	26
ST166	ST24	14
ST166	ST183	13
ST166	ST147	11
ST166	ST160	8
ST166	ST135	7
ST166	ST13	3
ST166	ST19	2
ST166	ST1	2
ST166	ST60	2
ST166	ST153	1
ST166	ST6	1
ST166	ST99	1
ST166	ST50	1
ST166	ST62	1
ST166	ST143	1
ST166	ST130	1
ST166	ST25	1
ST166	ST131	1
ST120	ST43	66
ST120	ST138	28
ST120	ST140	25
ST120	ST139	25
ST120	ST144	23
ST120	ST136	22
ST120	ST33	21
ST120	ST152	21
ST120	ST54	21
ST120	ST149	20
ST120	ST2	18
ST120	ST102	18
ST120	ST145	17
ST120	ST119	15
ST120	ST77	15
ST120	ST117	15
ST120	ST79	13
ST120	ST100	10
ST120	ST150	10
ST120	ST168	7
ST120	ST151	7
ST120	ST5	6
ST120	ST14	4
ST120	ST101	3
ST120	ST129	2
ST120	ST63	1
ST120	ST1	1
ST120	ST12	1
ST120	ST3	1
ST120	ST17	1
ST120	ST131	1
ST120	ST98	1
ST120	ST176	1
ST91	ST155	31
ST91	ST31	22
ST91	ST48	11
ST91	ST82	9
ST91	ST125	9
ST91	ST163	8
ST91	ST124	8
ST91	ST45	8
ST91	ST57	7
ST91	ST15	7
ST91	ST65	6
ST91	ST44	6
ST91	ST112	6
ST91	ST85	6
ST91	ST180	5
ST91	ST184	5
ST91	ST93	5
ST91	ST53	5
ST91	ST178	5
ST91	ST73	4
ST91	ST137	4
ST91	ST159	4
ST91	ST78	4
ST91	ST158	4
ST91	ST95	3
ST91	ST58	3
ST91	ST126	3
ST91	ST181	3
ST91	ST104	2
ST91	ST157	2
ST91	ST182	2
ST91	ST162	2
ST91	ST56	2
ST91	ST127	2
ST91	ST174	1
ST91	ST171	1
ST91	ST170	1
ST91	ST30	1
ST91	ST177	1
ST91	ST87	1
ST91	ST167	1
ST91	ST173	1
ST91	ST49	1
ST91	ST86	1
ST91	ST108	1
ST18	ST1	45
ST18	ST51	20
ST18	ST46	19
ST18	ST11	16
ST18	ST23	15
ST18	ST4	15
ST18	ST10	14
ST18	ST74	13
ST18	ST109	13
ST18	ST52	12
ST18	ST115	12
ST18	ST50	12
ST18	ST6	10
ST18	ST25	9
ST18	ST9	7
ST18	ST76	7
ST18	ST19	6
ST18	ST12	6
ST18	ST133	5
ST18	ST40	5
ST18	ST60	4
ST18	ST131	4
ST18	ST22	4
ST18	ST27	4
ST18	ST32	4
ST18	ST63	4
ST18	ST15	3
ST18	ST5	3
ST18	ST67	3
ST18	ST84	2
ST18	ST114	2
ST18	ST13	2
ST18	ST64	2
ST18	ST24	2
ST18	ST108	2
ST18	ST61	2
ST18	ST99	2
ST18	ST130	2
ST18	ST3	2
ST18	ST155	1
ST18	ST138	1
ST18	ST56	1
ST18	ST86	1
ST18	ST34	1
ST18	ST14	1
ST18	ST92	1
ST18	ST62	1
ST18	ST129	1
ST18	ST29	1
ST18	ST21	1
ST18	ST44	1
ST18	ST66	1
ST18	ST20	1
ST116	ST21	108
ST116	ST107	34
ST116	ST42	34
ST116	ST113	33
ST116	ST72	30
ST116	ST154	18
ST116	ST156	15
ST116	ST41	13
ST116	ST131	7
ST116	ST19	6
ST116	ST60	5
ST116	ST133	5
ST116	ST153	4
ST116	ST99	4
ST116	ST62	3
ST116	ST32	3
ST116	ST20	3
ST116	ST124	2
ST116	ST1	2
ST116	ST50	2
ST116	ST130	2
ST116	ST23	2
ST116	ST24	2
ST116	ST108	2
ST116	ST98	2
ST116	ST29	1
ST116	ST6	1
ST116	ST63	1
ST116	ST40	1
ST116	ST4	1
ST116	ST118	1
ST116	ST25	1
ST116	ST74	1
ST116	ST132	1
ST116	ST52	1
ST116	ST109	1
ST116	ST114	1
ST116	ST166	1
ST116	ST10	1
ST116	ST96	1
ST116	ST127	1
ST64	ST27	209
ST64	ST6	58
ST64	ST13	14
ST64	ST2	7
ST64	ST50	7
ST64	ST24	6
ST64	ST18	6
ST64	ST110	5
ST64	ST1	5
ST64	ST74	4
ST64	ST11	4
ST64	ST46	3
ST64	ST147	3
ST64	ST51	2
ST64	ST25	2
ST64	ST52	2
ST64	ST138	2
ST64	ST12	2
ST64	ST76	2
ST64	ST67	2
ST64	ST115	2
ST64	ST131	1
ST64	ST28	1
ST64	ST108	1
ST64	ST10	1
ST64	ST36	1
ST64	ST148	1
ST64	ST178	1
ST64	ST61	1
ST64	ST109	1
ST64	ST114	1
ST64	ST9	1
ST64	ST40	1
ST64	ST4	1
ST64	ST14	1
ST64	ST19	1
ST64	ST105	1
ST64	ST63	1
ST64	ST171	1
ST13	ST6	137
ST13	ST24	32
ST13	ST27	25
ST13	ST64	16
ST13	ST1	14
ST13	ST11	10
ST13	ST25	9
ST13	ST109	9
ST13	ST110	9
ST13	ST40	8
ST13	ST4	8
ST13	ST115	8
ST13	ST51	8
ST13	ST74	8
ST13	ST10	7
ST13	ST50	5
ST13	ST52	5
ST13	ST46	5
ST13	ST67	4
ST13	ST26	4
ST13	ST22	4
ST13	ST12	3
ST13	ST63	3
ST13	ST108	3
ST13	ST166	3
ST13	ST60	3
ST13	ST9	2
ST13	ST3	2
ST13	ST19	2
ST13	ST14	2
ST13	ST32	2
ST13	ST147	2
ST13	ST36	2
ST13	ST18	2
ST13	ST76	1
ST13	ST154	1
ST13	ST5	1
ST13	ST184	1
ST13	ST183	1
ST13	ST21	1
ST13	ST105	1
ST13	ST29	1
ST13	ST62	1
ST13	ST131	1
ST13	ST133	1
ST13	ST96	1
ST13	ST15	1
ST13	ST61	1
ST13	ST155	1
ST13	ST8	1
ST143	ST135	178
ST143	ST110	96
ST143	ST103	50
ST143	ST6	10
ST143	ST35	6
ST143	ST96	5
ST143	ST148	4
ST143	ST13	4
ST143	ST166	3
ST143	ST52	3
ST143	ST1	3
ST143	ST27	2
ST143	ST40	2
ST143	ST183	2
ST143	ST22	1
ST143	ST10	1
ST143	ST160	1
ST143	ST24	1
ST143	ST64	1
ST143	ST161	1
ST143	ST23	1
ST143	ST25	1
ST107	ST21	91
ST107	ST108	72
ST107	ST113	25
ST107	ST116	24
ST107	ST42	23
ST107	ST72	21
ST107	ST19	11
ST107	ST41	10
ST107	ST154	10
ST107	ST156	7
ST107	ST24	4
ST107	ST32	4
ST107	ST133	3
ST107	ST183	3
ST107	ST60	2
ST107	ST109	2
ST107	ST18	2
ST107	ST131	2
ST107	ST62	2
ST107	ST99	2
ST107	ST153	2
ST107	ST25	1
ST107	ST132	1
ST107	ST74	1
ST107	ST161	1
ST107	ST98	1
ST107	ST10	1
ST107	ST144	1
ST107	ST51	1
ST107	ST14	1
ST107	ST105	1
ST107	ST147	1
ST107	ST6	1
ST107	ST76	1
ST107	ST4	1
ST90	ST86	82
ST90	ST45	70
ST90	ST104	24
ST90	ST126	24
ST90	ST95	23
ST90	ST137	21
ST90	ST78	20
ST90	ST127	19
ST90	ST157	16
ST90	ST182	16
ST90	ST81	15
ST90	ST162	14
ST90	ST91	14
ST90	ST88	13
ST90	ST49	10
ST90	ST169	9
ST90	ST87	7
ST90	ST123	6
ST90	ST80	6
ST90	ST141	5
ST90	ST172	4
ST90	ST65	2
ST90	ST184	2
ST90	ST31	2
ST90	ST57	2
ST90	ST173	2
ST90	ST53	2
ST90	ST44	1
ST90	ST121	1
ST90	ST82	1
ST90	ST124	1
ST90	ST107	1
ST90	ST158	1
ST90	ST155	1
ST90	ST48	1
ST90	ST15	1
ST40	ST24	95
ST40	ST6	12
ST40	ST13	9
ST40	ST19	9
ST40	ST110	6
ST40	ST32	6
ST40	ST27	5
ST40	ST108	5
ST40	ST131	5
ST40	ST21	5
ST40	ST60	4
ST40	ST64	3
ST40	ST133	3
ST40	ST130	3
ST40	ST18	2
ST40	ST51	2
ST40	ST50	2
ST40	ST134	2
ST40	ST116	1
ST40	ST35	1
ST40	ST25	1
ST40	ST8	1
ST40	ST118	1
ST40	ST98	1
ST40	ST160	1
ST40	ST99	1
ST40	ST66	1
ST40	ST1	1
ST40	ST29	1
ST40	ST179	1
ST40	ST14	1
ST40	ST67	1
ST40	ST20	1
ST40	ST5	1
ST40	ST143	1
ST100	ST136	107
ST100	ST5	102
ST100	ST14	18
ST100	ST50	11
ST100	ST131	7
ST100	ST34	7
ST100	ST43	6
ST100	ST149	6
ST100	ST61	6
ST100	ST3	5
ST100	ST119	4
ST100	ST77	4
ST100	ST33	4
ST100	ST84	4
ST100	ST152	4
ST100	ST138	4
ST100	ST133	4
ST100	ST55	4
ST100	ST145	3
ST100	ST150	3
ST100	ST20	3
ST100	ST114	3
ST100	ST120	3
ST100	ST29	2
ST100	ST129	2
ST100	ST140	2
ST100	ST168	2
ST100	ST79	2
ST100	ST2	2
ST100	ST17	2
ST100	ST54	2
ST100	ST139	2
ST100	ST92	1
ST100	ST16	1
ST100	ST184	1
ST100	ST62	1
ST100	ST4	1
ST100	ST18	1
ST100	ST102	1
ST100	ST22	1
ST100	ST117	1
ST100	ST51	1
ST100	ST151	1
ST154	ST21	84
ST154	ST116	36
ST154	ST107	33
ST154	ST113	28
ST154	ST72	21
ST154	ST42	17
ST154	ST1	17
ST154	ST46	15
ST154	ST51	12
ST154	ST41	12
ST154	ST23	12
ST154	ST25	12
ST154	ST18	11
ST154	ST4	10
ST154	ST50	9
ST154	ST124	8
ST154	ST10	7
ST154	ST74	7
ST154	ST109	6
ST154	ST115	6
ST154	ST11	6
ST154	ST163	6
ST154	ST52	5
ST154	ST6	5
ST154	ST61	4
ST154	ST67	4
ST154	ST156	3
ST154	ST13	3
ST154	ST5	3
ST154	ST12	3
ST154	ST9	3
ST154	ST63	3
ST154	ST76	2
ST154	ST153	2
ST154	ST105	2
ST154	ST19	2
ST154	ST15	1
ST154	ST27	1
ST154	ST34	1
ST154	ST22	1
ST154	ST148	1
ST154	ST24	1
ST154	ST17	1
ST154	ST35	1
ST154	ST155	1
ST154	ST3	1
ST154	ST130	1
ST154	ST32	1
ST154	ST66	1
ST154	ST99	1
ST154	ST14	1
ST112	ST44	102
ST112	ST85	87
ST112	ST87	19
ST112	ST31	10
ST112	ST184	6
ST112	ST124	6
ST112	ST15	5
ST112	ST86	5
ST112	ST73	4
ST112	ST58	4
ST112	ST53	4
ST112	ST65	3
ST112	ST171	3
ST112	ST163	3
ST112	ST81	3
ST112	ST93	3
ST112	ST158	3
ST112	ST48	3
ST112	ST115	2
ST112	ST30	2
ST112	ST177	2
ST112	ST91	2
ST112	ST56	2
ST112	ST89	2
ST112	ST180	1
ST112	ST170	1
ST112	ST82	1
ST112	ST175	1
ST112	ST57	1
ST112	ST167	1
ST112	ST60	1
ST112	ST125	1
ST112	ST97	1
ST112	ST141	1
ST112	ST49	1
ST112	ST178	1
ST4	ST1	29
ST4	ST23	18
ST4	ST25	16
ST4	ST52	16
ST4	ST50	16
ST4	ST10	15
ST4	ST18	15
ST4	ST115	13
ST4	ST74	11
ST4	ST12	11
ST4	ST11	11
ST4	ST51	10
ST4	ST46	9
ST4	ST19	9
ST4	ST109	8
ST4	ST6	8
ST4	ST24	7
ST4	ST61	6
ST4	ST133	6
ST4	ST14	6
ST4	ST27	5
ST4	ST5	5
ST4	ST131	4
ST4	ST22	4
ST4	ST9	4
ST4	ST76	4
ST4	ST62	4
ST4	ST63	4
ST4	ST13	3
ST4	ST132	3
ST4	ST84	3
ST4	ST130	3
ST4	ST67	3
ST4	ST92	3
ST4	ST108	2
ST4	ST60	2
ST4	ST155	2
ST4	ST3	2
ST4	ST40	2
ST4	ST105	2
ST4	ST129	2
ST4	ST66	2
ST4	ST55	1
ST4	ST15	1
ST4	ST98	1
ST4	ST178	1
ST4	ST34	1
ST4	ST17	1
ST4	ST110	1
ST4	ST166	1
ST4	ST102	1
ST4	ST64	1
ST4	ST114	1
ST4	ST20	1
ST4	ST100	1
ST4	ST154	1
ST4	ST29	1
ST4	ST183	1
ST4	ST99	1
ST4	ST32	1
ST4	ST72	1
ST4	ST16	1
ST5	ST2	73
ST5	ST14	44
ST5	ST84	22
ST5	ST3	15
ST5	ST34	9
ST5	ST100	8
ST5	ST20	8
ST5	ST114	8
ST5	ST43	7
ST5	ST17	7
ST5	ST129	6
ST5	ST55	6
ST5	ST133	5
ST5	ST8	4
ST5	ST138	4
ST5	ST145	3
ST5	ST77	3
ST5	ST92	3
ST5	ST29	3
ST5	ST149	3
ST5	ST144	3
ST5	ST12	2
ST5	ST79	2
ST5	ST16	2
ST5	ST50	2
ST5	ST11	2
ST5	ST54	2
ST5	ST152	2
ST5	ST102	2
ST5	ST120	2
ST5	ST18	2
ST5	ST136	2
ST5	ST4	1
ST5	ST168	1
ST5	ST140	1
ST5	ST150	1
ST5	ST19	1
ST5	ST179	1
ST5	ST115	1
ST5	ST1	1
ST5	ST119	1
ST5	ST117	1
ST5	ST98	1
ST5	ST36	1
ST5	ST27	1
ST5	ST52	1
ST5	ST25	1
ST5	ST109	1
ST5	ST7	1
ST150	ST119	210
ST150	ST43	17
ST150	ST33	11
ST150	ST140	11
ST150	ST144	9
ST150	ST138	8
ST150	ST136	8
ST150	ST77	8
ST150	ST152	7
ST150	ST102	7
ST150	ST149	7
ST150	ST145	7
ST150	ST79	7
ST150	ST139	6
ST150	ST54	6
ST150	ST100	6
ST150	ST117	5
ST150	ST5	5
ST150	ST101	3
ST150	ST120	2
ST150	ST12	2
ST150	ST168	2
ST150	ST17	1
ST150	ST151	1
ST150	ST165	1
ST150	ST14	1
ST3	ST2	93
ST3	ST14	37
ST3	ST84	17
ST3	ST5	13
ST3	ST114	12
ST3	ST8	10
ST3	ST17	8
ST3	ST34	8
ST3	ST55	8
ST3	ST12	5
ST3	ST20	4
ST3	ST129	3
ST3	ST1	3
ST3	ST52	3
ST3	ST133	3
ST3	ST43	2
ST3	ST16	2
ST3	ST29	2
ST3	ST92	1
ST3	ST71	1
ST3	ST115	1
ST3	ST63	1
ST3	ST11	1
ST3	ST100	1
ST3	ST150	1
ST3	ST4	1
ST3	ST109	1
ST3	ST7	1
ST3	ST138	1
ST3	ST13	1
ST3	ST18	1
ST3	ST176	1
ST175	ST47	62
ST175	ST174	29
ST175	ST30	22
ST175	ST106	21
ST175	ST70	21
ST175	ST122	19
ST175	ST59	19
ST175	ST68	17
ST175	ST94	13
ST175	ST123	11
ST175	ST38	8
ST175	ST146	8
ST175	ST111	6
ST175	ST39	6
ST175	ST37	6
ST175	ST89	4
ST175	ST88	2
ST175	ST142	2
ST175	ST57	1
ST175	ST170	1
ST175	ST31	1
ST175	ST65	1
ST175	ST73	1
ST175	ST53	1
ST175	ST158	1
ST175	ST69	1
ST162	ST45	67
ST162	ST126	33
ST162	ST95	23
ST162	ST81	22
ST162	ST137	22
ST162	ST104	21
ST162	ST157	21
ST162	ST182	21
ST162	ST78	20
ST162	ST91	19
ST162	ST127	14
ST162	ST49	10
ST162	ST80	10
ST162	ST90	8
ST162	ST169	7
ST162	ST31	6
ST162	ST125	4
ST162	ST25	2
ST162	ST155	2
ST162	ST48	2
ST162	ST82	2
ST162	ST184	2
ST162	ST172	1
ST162	ST56	1
ST162	ST97	1
ST162	ST23	1
ST162	ST85	1
ST162	ST53	1
ST162	ST141	1
ST162	ST171	1
ST162	ST65	1
ST162	ST93	1
ST162	ST58	1
ST162	ST57	1
ST58	ST31	33
ST58	ST15	17
ST58	ST91	15
ST58	ST82	14
ST58	ST125	14
ST58	ST57	12
ST58	ST81	12
ST58	ST184	12
ST58	ST53	12
ST58	ST85	12
ST58	ST73	11
ST58	ST44	11
ST58	ST46	11
ST58	ST93	9
ST58	ST163	9
ST58	ST48	9
ST58	ST178	9
ST58	ST65	8
ST58	ST124	8
ST58	ST56	8
ST58	ST171	7
ST58	ST159	5
ST58	ST67	5
ST58	ST177	5
ST58	ST155	5
ST58	ST158	5
ST58	ST87	4
ST58	ST180	4
ST58	ST80	4
ST58	ST45	4
ST58	ST167	4
ST58	ST173	3
ST58	ST181	3
ST58	ST126	2
ST58	ST76	2
ST58	ST66	2
ST58	ST170	2
ST58	ST95	2
ST58	ST141	2
ST58	ST49	2
ST58	ST86	2
ST58	ST20	1
ST58	ST112	1
ST58	ST1	1
ST58	ST104	1
ST58	ST30	1
ST58	ST182	1
ST58	ST127	1
ST58	ST22	1
ST58	ST108	1
ST58	ST116	1
ST58	ST142	1
ST58	ST89	1
ST58	ST78	1
ST58	ST47	1
ST58	ST59	1
ST159	ST57	105
ST159	ST171	36
ST159	ST167	29
ST159	ST178	26
ST159	ST173	22
ST159	ST180	19
ST159	ST31	16
ST159	ST53	9
ST159	ST44	8
ST159	ST184	7
ST159	ST91	6
ST159	ST125	5
ST159	ST163	5
ST159	ST81	5
ST159	ST65	5
ST159	ST58	5
ST159	ST93	5
ST159	ST56	4
ST159	ST15	4
ST159	ST48	4
ST159	ST124	4
ST159	ST82	4
ST159	ST85	3
ST159	ST181	2
ST159	ST158	2
ST159	ST49	2
ST159	ST127	2
ST159	ST170	2
ST159	ST80	2
ST159	ST73	2
ST159	ST177	2
ST159	ST155	1
ST159	ST169	1
ST159	ST86	1
ST159	ST113	1
ST159	ST45	1
ST159	ST95	1
ST159	ST30	1
ST159	ST157	1
ST159	ST87	1
ST159	ST112	1
ST159	ST162	1
ST159	ST126	1
ST16	ST14	85
ST16	ST84	33
ST16	ST3	30
ST16	ST34	29
ST16	ST114	28
ST16	ST5	27
ST16	ST36	26
ST16	ST55	23
ST16	ST17	23
ST16	ST20	22
ST16	ST92	9
ST16	ST129	9
ST16	ST133	6
ST16	ST8	6
ST16	ST29	6
ST16	ST12	5
ST16	ST179	4
ST16	ST4	3
ST16	ST1	3
ST16	ST115	3
ST16	ST71	3
ST16	ST10	2
ST16	ST131	2
ST16	ST54	2
ST16	ST52	2
ST16	ST152	2
ST16	ST128	2
ST16	ST25	2
ST16	ST7	2
ST16	ST100	2
ST16	ST50	2
ST16	ST32	2
ST16	ST149	2
ST16	ST51	1
ST16	ST2	1
ST16	ST35	1
ST16	ST23	1
ST16	ST18	1
ST16	ST138	1
ST16	ST136	1
ST16	ST107	1
ST16	ST145	1
ST16	ST140	1
ST16	ST77	1
ST16	ST184	1
ST16	ST43	1
ST16	ST63	1
ST16	ST11	1
ST16	ST6	1
ST31	ST15	15
ST31	ST171	8
ST31	ST178	4
ST31	ST91	4
ST31	ST57	3
ST31	ST184	2
ST31	ST60	2
ST31	ST167	2
ST31	ST6	1
ST31	ST180	1
ST31	ST80	1
ST31	ST34	1
ST31	ST10	1
ST31	ST155	1
ST72	ST21	112
ST72	ST113	38
ST72	ST116	34
ST72	ST74	34
ST72	ST107	29
ST72	ST42	26
ST72	ST19	12
ST72	ST41	11
ST72	ST154	11
ST72	ST156	8
ST72	ST99	7
ST72	ST133	6
ST72	ST24	4
ST72	ST131	3
ST72	ST108	3
ST72	ST60	3
ST72	ST20	3
ST72	ST153	3
ST72	ST10	2
ST72	ST132	2
ST72	ST130	2
ST72	ST96	1
ST72	ST51	1
ST72	ST18	1
ST72	ST23	1
ST72	ST8	1
ST72	ST25	1
ST72	ST6	1
ST72	ST32	1
ST72	ST134	1
ST72	ST1	1
ST72	ST11	1
ST72	ST50	1
ST72	ST183	1
ST72	ST147	1
ST72	ST62	1
ST72	ST124	1
ST72	ST16	1
ST14	ST84	29
ST14	ST5	24
ST14	ST3	24
ST14	ST129	4
ST14	ST12	3
ST14	ST20	3
ST14	ST8	3
ST14	ST119	2
ST14	ST23	2
ST14	ST74	2
ST14	ST7	2
ST14	ST26	1
ST14	ST99	1
ST14	ST76	1
ST14	ST25	1
ST14	ST138	1
ST14	ST136	1
ST14	ST117	1
ST14	ST36	1
ST14	ST139	1
ST14	ST54	1
ST14	ST133	1
ST14	ST151	1
ST14	ST51	1
ST14	ST176	1
ST43	ST5	19
ST43	ST100	12
ST43	ST138	11
ST43	ST120	6
ST43	ST136	6
ST43	ST14	5
ST43	ST176	2
ST43	ST84	2
ST43	ST114	2
ST43	ST3	2
ST43	ST144	1
ST43	ST16	1
ST43	ST92	1
ST75	ST179	391
ST75	ST114	43
ST75	ST14	5
ST75	ST145	4
ST75	ST34	3
ST75	ST40	3
ST75	ST5	3
ST75	ST16	2
ST75	ST20	2
ST75	ST3	2
ST75	ST23	1
ST75	ST84	1
ST75	ST17	1
ST75	ST136	1
ST75	ST71	1
ST26	ST7	264
ST26	ST128	57
ST26	ST129	18
ST26	ST14	14
ST26	ST13	10
ST26	ST23	9
ST26	ST2	5
ST26	ST5	3
ST26	ST114	3
ST26	ST43	2
ST26	ST55	2
ST26	ST84	2
ST26	ST4	1
ST26	ST101	1
ST26	ST20	1
ST26	ST100	1
ST26	ST29	1
ST26	ST1	1
ST26	ST92	1
ST26	ST133	1
ST26	ST108	1
ST26	ST22	1
ST26	ST34	1
ST26	ST17	1
ST19	ST133	17
ST19	ST1	10
ST19	ST11	6
ST19	ST20	4
ST19	ST4	4
ST19	ST12	4
ST19	ST10	4
ST19	ST25	4
ST19	ST24	3
ST19	ST18	3
ST19	ST60	3
ST19	ST5	2
ST19	ST3	2
ST19	ST76	2
ST19	ST9	2
ST19	ST63	2
ST19	ST115	2
ST19	ST98	2
ST19	ST46	2
ST19	ST109	2
ST19	ST132	2
ST19	ST50	1
ST19	ST66	1
ST19	ST6	1
ST19	ST129	1
ST19	ST105	1
ST19	ST14	1
ST19	ST15	1
ST19	ST51	1
ST19	ST27	1
ST19	ST55	1
ST19	ST22	1
ST19	ST131	1
ST19	ST13	1
ST19	ST23	1
ST170	ST82	140
ST170	ST181	44
ST170	ST158	37
ST170	ST31	14
ST170	ST15	9
ST170	ST56	9
ST170	ST58	9
ST170	ST91	7
ST170	ST57	7
ST170	ST163	6
ST170	ST93	5
ST170	ST80	5
ST170	ST124	5
ST170	ST73	5
ST170	ST178	4
ST170	ST53	4
ST170	ST49	4
ST170	ST85	4
ST170	ST173	4
ST170	ST44	4
ST170	ST125	3
ST170	ST184	3
ST170	ST45	2
ST170	ST60	2
ST170	ST177	2
ST170	ST171	2
ST170	ST86	1
ST170	ST141	1
ST170	ST132	1
ST170	ST155	1
ST170	ST167	1
ST170	ST112	1
ST170	ST87	1
ST170	ST162	1
ST170	ST126	1
ST170	ST137	1
ST170	ST30	1
ST170	ST182	1
ST170	ST95	1
ST170	ST115	1
ST170	ST65	1
ST170	ST157	1
ST170	ST180	1
ST170	ST81	1
ST30	ST31	11
ST30	ST56	8
ST30	ST91	7
ST30	ST15	6
ST30	ST125	6
ST30	ST58	6
ST30	ST184	6
ST30	ST89	5
ST30	ST49	4
ST30	ST53	4
ST30	ST93	4
ST30	ST57	4
ST30	ST163	4
ST30	ST73	4
ST30	ST82	4
ST30	ST85	3
ST30	ST167	3
ST30	ST44	3
ST30	ST48	2
ST30	ST69	2
ST30	ST111	2
ST30	ST81	2
ST30	ST104	2
ST30	ST171	2
ST30	ST95	2
ST30	ST124	2
ST30	ST170	2
ST30	ST178	1
ST30	ST158	1
ST30	ST181	1
ST30	ST146	1
ST30	ST155	1
ST30	ST137	1
ST30	ST87	1
ST30	ST180	1
ST30	ST65	1
ST30	ST94	1
ST30	ST1	1
ST129	ST128	55
ST129	ST14	46
ST129	ST2	41
ST129	ST23	31
ST129	ST140	24
ST129	ST17	23
ST129	ST5	20
ST129	ST55	20
ST129	ST114	18
ST129	ST34	17
ST129	ST3	16
ST129	ST84	16
ST129	ST7	14
ST129	ST20	9
ST129	ST22	9
ST129	ST16	8
ST129	ST92	6
ST129	ST29	4
ST129	ST26	4
ST129	ST12	4
ST129	ST176	4
ST129	ST1	3
ST129	ST11	2
ST129	ST71	2
ST129	ST180	2
ST129	ST8	2
ST129	ST6	1
ST129	ST179	1
ST129	ST43	1
ST129	ST168	1
ST129	ST150	1
ST129	ST18	1
ST129	ST13	1
ST129	ST52	1
ST129	ST36	1
ST129	ST10	1
ST129	ST133	1
ST129	ST131	1
ST81	ST31	18
ST81	ST82	12
ST81	ST15	10
ST81	ST184	7
ST81	ST53	7
ST81	ST58	6
ST81	ST157	6
ST81	ST48	6
ST81	ST45	6
ST81	ST125	6
ST81	ST57	5
ST81	ST65	5
ST81	ST163	5
ST81	ST124	4
ST81	ST44	4
ST81	ST73	4
ST81	ST85	4
ST81	ST95	3
ST81	ST171	3
ST81	ST127	3
ST81	ST56	3
ST81	ST87	2
ST81	ST93	2
ST81	ST170	2
ST81	ST182	2
ST81	ST178	2
ST81	ST158	2
ST81	ST159	1
ST81	ST137	1
ST81	ST19	1
ST81	ST80	1
ST81	ST6	1
ST81	ST104	1
ST81	ST86	1
ST81	ST173	1
ST81	ST47	1
ST81	ST155	1
ST81	ST91	1
ST81	ST78	1
ST81	ST169	1
ST81	ST69	1
ST81	ST109	1
ST174	ST47	79
ST174	ST70	33
ST174	ST30	30
ST174	ST175	27
ST174	ST122	25
ST174	ST106	22
ST174	ST59	20
ST174	ST68	17
ST174	ST94	16
ST174	ST146	12
ST174	ST39	9
ST174	ST37	9
ST174	ST111	8
ST174	ST38	8
ST174	ST123	7
ST174	ST89	5
ST174	ST164	4
ST174	ST142	3
ST174	ST69	2
ST174	ST88	1
ST174	ST12	1
ST174	ST57	1
ST174	ST3	1
ST174	ST159	1
ST174	ST31	1
ST174	ST121	1
ST174	ST85	1
ST174	ST158	1
ST29	ST20	157
ST29	ST133	37
ST29	ST8	36
ST29	ST14	17
ST29	ST71	15
ST29	ST5	10
ST29	ST34	8
ST29	ST19	7
ST29	ST67	6
ST29	ST55	6
ST29	ST3	5
ST29	ST144	5
ST29	ST84	5
ST29	ST17	5
ST29	ST114	5
ST29	ST99	3
ST29	ST131	3
ST29	ST108	3
ST29	ST60	3
ST29	ST129	2
ST29	ST98	2
ST29	ST74	2
ST29	ST12	1
ST29	ST100	1
ST29	ST40	1
ST29	ST4	1
ST29	ST79	1
ST29	ST16	1
ST29	ST95	1
ST29	ST92	1
ST29	ST75	1
ST29	ST21	1
ST29	ST1	1
ST29	ST32	1
ST29	ST113	1
ST29	ST27	1
ST29	ST176	1
ST29	ST61	1
ST29	ST25	1
ST29	ST52	1
ST29	ST132	1
ST121	ST123	106
ST121	ST122	90
ST121	ST88	46
ST121	ST86	42
ST121	ST89	30
ST121	ST47	8
ST121	ST87	7
ST121	ST175	7
ST121	ST174	6
ST121	ST59	6
ST121	ST68	4
ST121	ST30	3
ST121	ST146	3
ST121	ST106	3
ST121	ST70	3
ST121	ST94	2
ST121	ST112	2
ST121	ST111	1
ST121	ST142	1
ST163	ST31	33
ST163	ST82	17
ST163	ST91	17
ST163	ST15	17
ST163	ST73	16
ST163	ST57	15
ST163	ST58	15
ST163	ST56	14
ST163	ST44	13
ST163	ST124	12
ST163	ST65	12
ST163	ST125	12
ST163	ST93	11
ST163	ST48	11
ST163	ST53	10
ST163	ST184	8
ST163	ST81	8
ST163	ST80	7
ST163	ST177	7
ST163	ST178	7
ST163	ST180	6
ST163	ST112	6
ST163	ST173	6
ST163	ST85	6
ST163	ST49	6
ST163	ST170	5
ST163	ST141	5
ST163	ST159	4
ST163	ST155	4
ST163	ST182	3
ST163	ST158	3
ST163	ST171	2
ST163	ST87	2
ST163	ST154	2
ST163	ST137	2
ST163	ST162	2
ST163	ST181	2
ST163	ST167	2
ST163	ST19	1
ST163	ST30	1
ST163	ST174	1
ST163	ST50	1
ST163	ST157	1
ST163	ST88	1
ST163	ST126	1
ST163	ST175	1
ST163	ST97	1
ST163	ST47	1
ST163	ST78	1
ST163	ST60	1
ST163	ST142	1
ST163	ST86	1
ST163	ST55	1
ST163	ST27	1
ST163	ST127	1
ST122	ST89	53
ST122	ST47	42
ST122	ST70	21
ST122	ST30	19
ST122	ST106	13
ST122	ST175	13
ST122	ST85	12
ST122	ST121	12
ST122	ST174	12
ST122	ST94	9
ST122	ST59	8
ST122	ST68	8
ST122	ST39	6
ST122	ST146	5
ST122	ST37	5
ST122	ST87	5
ST122	ST142	4
ST122	ST38	4
ST122	ST123	4
ST122	ST112	4
ST122	ST111	3
ST122	ST164	2
ST122	ST31	2
ST122	ST69	1
ST122	ST167	1
ST122	ST124	1
ST122	ST88	1
ST122	ST177	1
ST62	ST131	111
ST62	ST61	56
ST62	ST19	26
ST62	ST50	23
ST62	ST133	11
ST62	ST99	10
ST62	ST60	8
ST62	ST108	6
ST62	ST32	6
ST62	ST160	5
ST62	ST98	4
ST62	ST24	4
ST62	ST21	4
ST62	ST23	3
ST62	ST132	3
ST62	ST51	2
ST62	ST109	2
ST62	ST130	2
ST62	ST105	2
ST62	ST144	1
ST62	ST34	1
ST62	ST148	1
ST62	ST28	1
ST62	ST156	1
ST62	ST74	1
ST62	ST52	1
ST62	ST25	1
ST62	ST136	1
ST62	ST12	1
ST62	ST107	1
ST62	ST20	1
ST62	ST4	1
ST62	ST153	1
ST62	ST1	1
ST62	ST115	1
ST62	ST6	1
ST62	ST63	1
ST62	ST11	1
ST62	ST171	1
ST62	ST183	1
ST62	ST147	1
ST62	ST29	1
ST147	ST40	120
ST147	ST24	40
ST147	ST183	28
ST147	ST35	23
ST147	ST96	12
ST147	ST19	11
ST147	ST148	10
ST147	ST110	7
ST147	ST6	6
ST147	ST166	6
ST147	ST32	5
ST147	ST103	5
ST147	ST27	4
ST147	ST161	3
ST147	ST60	3
ST147	ST10	3
ST147	ST135	2
ST147	ST25	2
ST147	ST108	2
ST147	ST21	1
ST147	ST11	1
ST147	ST99	1
ST147	ST9	1
ST147	ST107	1
ST147	ST154	1
ST147	ST4	1
ST147	ST84	1
ST147	ST13	1
ST147	ST64	1
ST147	ST133	1
ST147	ST131	1
ST147	ST160	1
ST147	ST42	1
ST147	ST98	1
ST149	ST43	48
ST149	ST102	26
ST149	ST136	22
ST149	ST77	20
ST149	ST138	19
ST149	ST117	18
ST149	ST145	16
ST149	ST5	16
ST149	ST139	16
ST149	ST79	15
ST149	ST33	15
ST149	ST140	15
ST149	ST152	15
ST149	ST119	12
ST149	ST144	10
ST149	ST54	10
ST149	ST150	9
ST149	ST100	8
ST149	ST101	5
ST149	ST168	5
ST149	ST151	4
ST149	ST20	2
ST149	ST14	1
ST149	ST1	1
ST149	ST129	1
ST149	ST4	1
ST149	ST3	1
ST149	ST128	1
ST149	ST120	1
ST149	ST17	1
ST149	ST7	1
ST149	ST98	1
ST149	ST165	1
ST63	ST1	53
ST63	ST10	21
ST63	ST51	20
ST63	ST25	19
ST63	ST18	16
ST63	ST52	15
ST63	ST11	15
ST63	ST6	15
ST63	ST4	14
ST63	ST74	13
ST63	ST50	13
ST63	ST105	13
ST63	ST46	12
ST63	ST23	12
ST63	ST109	11
ST63	ST115	9
ST63	ST133	8
ST63	ST9	8
ST63	ST19	8
ST63	ST14	7
ST63	ST27	6
ST63	ST24	5
ST63	ST61	4
ST63	ST60	4
ST63	ST67	4
ST63	ST3	4
ST63	ST76	4
ST63	ST55	3
ST63	ST13	3
ST63	ST108	2
ST63	ST131	2
ST63	ST110	2
ST63	ST20	2
ST63	ST130	2
ST63	ST12	2
ST63	ST99	2
ST63	ST32	2
ST63	ST129	2
ST63	ST48	1
ST63	ST34	1
ST63	ST22	1
ST63	ST91	1
ST63	ST64	1
ST63	ST114	1
ST63	ST17	1
ST63	ST132	1
ST63	ST35	1
ST63	ST84	1
ST63	ST155	1
ST63	ST8	1
ST63	ST58	1
ST63	ST5	1
ST63	ST112	1
ST63	ST40	1
ST63	ST183	1
ST63	ST153	1
ST63	ST21	1
ST63	ST147	1
ST63	ST62	1
ST63	ST92	1
ST63	ST16	1
ST44	ST31	35
ST44	ST56	19
ST44	ST15	17
ST44	ST112	12
ST44	ST163	12
ST44	ST53	11
ST44	ST93	10
ST44	ST48	9
ST44	ST124	9
ST44	ST57	8
ST44	ST58	8
ST44	ST82	8
ST44	ST65	8
ST44	ST125	7
ST44	ST184	7
ST44	ST85	6
ST44	ST173	6
ST44	ST91	6
ST44	ST81	6
ST44	ST73	6
ST44	ST178	5
ST44	ST167	5
ST44	ST177	5
ST44	ST80	5
ST44	ST45	4
ST44	ST181	4
ST44	ST171	4
ST44	ST49	3
ST44	ST60	3
ST44	ST159	3
ST44	ST180	3
ST44	ST1	3
ST44	ST104	2
ST44	ST86	1
ST44	ST39	1
ST44	ST127	1
ST44	ST97	1
ST44	ST155	1
ST44	ST158	1
ST44	ST78	1
ST44	ST87	1
ST44	ST162	1
ST44	ST67	1
ST44	ST30	1
ST44	ST170	1
ST44	ST19	1
ST44	ST174	1
ST103	ST35	79
ST103	ST40	39
ST103	ST110	29
ST103	ST96	26
ST103	ST148	25
ST103	ST166	22
ST103	ST161	21
ST103	ST24	13
ST103	ST160	12
ST103	ST28	8
ST103	ST183	8
ST103	ST147	6
ST103	ST131	3
ST103	ST19	3
ST103	ST6	2
ST103	ST143	2
ST103	ST74	1
ST103	ST52	1
ST103	ST116	1
ST103	ST13	1
ST103	ST113	1
ST103	ST108	1
ST103	ST1	1
ST103	ST21	1
ST103	ST32	1
ST103	ST99	1
ST66	ST76	126
ST66	ST67	110
ST66	ST46	39
ST66	ST29	6
ST66	ST11	4
ST66	ST1	4
ST66	ST6	3
ST66	ST22	3
ST66	ST23	3
ST66	ST3	2
ST66	ST32	2
ST66	ST115	2
ST66	ST52	2
ST66	ST74	2
ST66	ST109	2
ST66	ST9	1
ST66	ST12	1
ST66	ST58	1
ST66	ST14	1
ST66	ST19	1
ST66	ST129	1
ST66	ST50	1
ST66	ST63	1
ST66	ST10	1
ST66	ST51	1
ST66	ST61	1
ST66	ST25	1
ST66	ST84	1
ST66	ST18	1
ST66	ST24	1
ST11	ST1	40
ST11	ST2	26
ST11	ST51	25
ST11	ST46	18
ST11	ST74	17
ST11	ST109	16
ST11	ST25	15
ST11	ST115	14
ST11	ST50	14
ST11	ST23	13
ST11	ST18	12
ST11	ST52	10
ST11	ST6	9
ST11	ST4	9
ST11	ST10	9
ST11	ST22	7
ST11	ST63	6
ST11	ST19	6
ST11	ST12	5
ST11	ST61	5
ST11	ST32	4
ST11	ST67	4
ST11	ST9	4
ST11	ST76	4
ST11	ST60	4
ST11	ST27	4
ST11	ST131	4
ST11	ST5	3
ST11	ST24	3
ST11	ST84	3
ST11	ST108	3
ST11	ST105	2
ST11	ST171	2
ST11	ST99	2
ST11	ST14	2
ST11	ST3	2
ST11	ST130	2
ST11	ST110	2
ST11	ST13	2
ST11	ST114	2
ST11	ST42	2
ST11	ST98	2
ST11	ST62	1
ST11	ST134	1
ST11	ST183	1
ST11	ST170	1
ST11	ST20	1
ST11	ST87	1
ST11	ST100	1
ST11	ST40	1
ST11	ST154	1
ST11	ST64	1
ST11	ST35	1
ST11	ST132	1
ST11	ST55	1
ST11	ST15	1
ST11	ST133	1
ST11	ST36	1
ST11	ST34	1
ST1	ST12	7
ST1	ST14	5
ST1	ST133	5
ST1	ST84	5
ST1	ST19	4
ST1	ST3	3
ST1	ST32	2
ST1	ST108	2
ST1	ST131	2
ST1	ST17	2
ST1	ST130	1
ST1	ST5	1
ST1	ST100	1
ST1	ST11	1
ST1	ST6	1
ST1	ST129	1
ST1	ST31	1
ST1	ST55	1
ST1	ST178	1
ST1	ST34	1
ST1	ST22	1
ST1	ST116	1
ST1	ST114	1
ST1	ST110	1
ST1	ST52	1
ST1	ST181	1
ST21	ST19	22
ST21	ST156	16
ST21	ST154	13
ST21	ST133	10
ST21	ST107	8
ST21	ST24	7
ST21	ST99	7
ST21	ST131	6
ST21	ST32	6
ST21	ST108	5
ST21	ST1	5
ST21	ST11	4
ST21	ST6	4
ST21	ST20	4
ST21	ST4	4
ST21	ST60	3
ST21	ST62	3
ST21	ST40	3
ST21	ST52	2
ST21	ST23	2
ST21	ST18	2
ST21	ST46	2
ST21	ST41	2
ST21	ST98	2
ST21	ST51	2
ST21	ST50	2
ST21	ST132	1
ST21	ST74	1
ST21	ST25	1
ST21	ST114	1
ST21	ST48	1
ST21	ST127	1
ST21	ST61	1
ST21	ST72	1
ST21	ST124	1
ST21	ST14	1
ST21	ST183	1
ST21	ST29	1
ST21	ST147	1
ST21	ST76	1
ST21	ST130	1
ST153	ST42	321
ST153	ST21	47
ST153	ST116	15
ST153	ST72	14
ST153	ST107	13
ST153	ST113	9
ST153	ST41	5
ST153	ST19	4
ST153	ST154	4
ST153	ST131	3
ST153	ST32	3
ST153	ST60	2
ST153	ST133	2
ST153	ST108	2
ST153	ST98	2
ST153	ST8	1
ST153	ST25	1
ST153	ST46	1
ST153	ST115	1
ST153	ST1	1
ST153	ST99	1
ST153	ST40	1
ST153	ST4	1
ST153	ST67	1
ST73	ST31	37
ST73	ST15	26
ST73	ST124	17
ST73	ST82	14
ST73	ST85	13
ST73	ST93	13
ST73	ST125	12
ST73	ST48	12
ST73	ST184	12
ST73	ST56	11
ST73	ST44	11
ST73	ST57	11
ST73	ST58	11
ST73	ST74	10
ST73	ST91	10
ST73	ST163	10
ST73	ST53	9
ST73	ST177	9
ST73	ST80	8
ST73	ST68	7
ST73	ST65	7
ST73	ST167	5
ST73	ST178	5
ST73	ST81	5
ST73	ST171	5
ST73	ST173	4
ST73	ST69	4
ST73	ST49	4
ST73	ST157	4
ST73	ST112	4
ST73	ST159	4
ST73	ST155	3
ST73	ST180	3
ST73	ST87	3
ST73	ST181	2
ST73	ST158	2
ST73	ST86	2
ST73	ST45	2
ST73	ST141	2
ST73	ST170	2
ST73	ST162	2
ST73	ST97	1
ST73	ST142	1
ST73	ST34	1
ST73	ST182	1
ST73	ST30	1
ST73	ST104	1
ST73	ST137	1
ST73	ST126	1
ST134	ST130	230
ST134	ST32	66
ST134	ST132	16
ST134	ST51	15
ST134	ST19	10
ST134	ST60	7
ST134	ST1	5
ST134	ST99	4
ST134	ST135	4
ST134	ST108	4
ST134	ST131	3
ST134	ST133	3
ST134	ST4	2
ST134	ST116	2
ST134	ST52	2
ST134	ST156	2
ST134	ST115	1
ST134	ST21	1
ST134	ST11	1
ST134	ST62	1
ST134	ST20	1
ST134	ST9	1
ST134	ST40	1
ST134	ST24	1
ST134	ST35	1
ST134	ST23	1
ST134	ST158	1
ST134	ST48	1
ST134	ST22	1
ST134	ST10	1
ST65	ST31	38
ST65	ST184	20
ST65	ST91	19
ST65	ST124	18
ST65	ST53	17
ST65	ST82	16
ST65	ST15	15
ST65	ST81	15
ST65	ST125	13
ST65	ST48	12
ST65	ST73	12
ST65	ST44	12
ST65	ST58	12
ST65	ST93	11
ST65	ST85	10
ST65	ST163	10
ST65	ST56	8
ST65	ST177	8
ST65	ST178	7
ST65	ST49	6
ST65	ST180	6
ST65	ST171	6
ST65	ST170	6
ST65	ST80	6
ST65	ST57	6
ST65	ST167	5
ST65	ST181	5
ST65	ST87	5
ST65	ST173	4
ST65	ST112	4
ST65	ST158	3
ST65	ST45	3
ST65	ST141	3
ST65	ST159	3
ST65	ST155	2
ST65	ST37	2
ST65	ST94	2
ST65	ST157	2
ST65	ST182	2
ST65	ST30	2
ST65	ST4	2
ST65	ST172	1
ST65	ST142	1
ST65	ST78	1
ST65	ST97	1
ST65	ST25	1
ST65	ST23	1
ST65	ST52	1
ST65	ST127	1
ST65	ST86	1
ST65	ST38	1
ST65	ST104	1
ST65	ST63	1
ST65	ST95	1
ST65	ST137	1
ST65	ST126	1
